card_number,expiry_month,expiry_year,cvv
4000008468359018,11,2033,166
5301254947023618,01,2026,620
5200825777639037,12,2029,766
2223004404035619,01,2033,105
4242422074876760,07,2030,609
4111116697145748,08,2029,432
5200829548670248,10,2028,632
4000006448587112,06,2030,137
5200829304787772,06,2032,412
5301255005918979,03,2027,703
370000037880392,06,2028,8284
4111118525699748,05,2029,163
5105108478873197,05,2032,325
4111110511120318,01,2032,740
4111117057443798,02,2030,791
5200829628121518,04,2031,379
5200827744470348,07,2028,332
4242427234339302,03,2026,025
4012889167591761,06,2026,254
5105102775163410,03,2033,227
5105100174537085,12,2031,006
4111111133328743,11,2033,316
340000632275532,08,2028,5592
5200824625485941,09,2026,010
4000008317808165,09,2030,995
5301257629591752,07,2031,773
4012887538203470,06,2033,744
4242424227489582,06,2026,522
370000358446443,04,2026,7760
370000078828086,08,2029,1001
4012887921808141,12,2027,858
370000995914480,08,2031,5364
4012888253968644,12,2030,965
370000683179586,11,2029,0529
370000920188317,02,2032,5583
2223005541913642,10,2030,754
370000116052855,06,2026,1076
5200825517379407,09,2032,629
370000593897905,04,2033,4442
5200826410244011,02,2026,471
5105103512375390,12,2031,919
4000004185697459,04,2031,381
4111118396556928,07,2030,145
370000050672965,11,2032,9852
5105107654094115,05,2026,954
4242428318515676,12,2033,033
4012885153738754,02,2029,356
340000362336405,06,2028,9637
370000091028961,09,2033,4309
4111110042165204,01,2033,432
340000914478978,11,2033,3120
4242422110722283,02,2029,010
2223002303661121,07,2029,673
340000004809306,07,2032,2499
2223000107777069,07,2030,440
370000946193754,09,2032,2707
340000973275422,07,2027,7282
2223009402855009,03,2030,807
4012887700082595,02,2033,236
4242428634405875,02,2031,901
5105106170444986,05,2029,810
4242426505920006,02,2031,978
4111117337059927,07,2032,182
2223008114646839,07,2029,661
4111118193250915,08,2031,493
5301257485627351,03,2029,762
5105101716701551,07,2028,101
4000008705512072,10,2027,428
4012885684984372,07,2030,298
4242421614641353,04,2028,595
340000800948332,07,2030,7745
4012887014321309,09,2033,768
370000983056849,02,2033,6166
5105101955602569,10,2033,667
5200824614529386,11,2026,199
5301253465892271,11,2030,009
370000488054679,05,2027,1411
4000000308035460,03,2026,030
4242423035183809,11,2027,599
340000990618950,08,2030,5959
4000009487955414,11,2027,341
4012882034152701,07,2027,765
5301258564975422,06,2028,634
5200824257898098,12,2030,773
4242426471119997,04,2026,651
340000047687768,06,2033,8256
4012881613176701,03,2026,452
370000731914463,05,2032,3988
4000006140568089,06,2032,685
4000008771009110,01,2030,675
340000675739980,06,2026,6607
340000161494462,12,2028,9355
2223000888506976,03,2029,549
4242421103224380,07,2031,772
370000314715972,07,2028,8569
5301253356806513,05,2027,031
4242422257886818,04,2029,036
5301256104949980,10,2031,720
370000425992007,06,2028,0526
2223007314591159,12,2031,375
340000459351804,09,2030,0935
370000746253212,06,2029,1455
4012880114315354,05,2033,637
4000003865650408,03,2027,529
4012889271266714,11,2030,290
2223008759389190,06,2029,625
4111116019512252,03,2027,193
340000805345708,07,2033,1398
4012881922466496,12,2026,033
370000497995722,06,2028,2009
2223003281301714,05,2030,675
370000504873862,02,2028,6077
370000984890675,03,2026,4421
4242423390694655,03,2033,517
340000532168290,03,2033,3057
5301250190239547,06,2032,403
4000001694354002,07,2030,502
4111110340206148,02,2029,840
340000096668271,04,2027,7787
4012881392981008,05,2033,741
370000524130681,10,2032,3712
5200823369771060,09,2028,286
4111117408613826,09,2032,804
2223005147799072,04,2030,580
340000824569254,03,2029,8012
5301251370665345,10,2030,392
2223002774143195,07,2026,192
4012881143968106,05,2027,637
5105100775693956,05,2029,255
5200822465232365,11,2029,165
4012887574289763,05,2033,533
5105103073615598,02,2029,510
4000009291939778,04,2026,728
4000002140996776,08,2031,538
370000934568017,07,2026,9166
4000007918378826,10,2029,339
5105109444684817,01,2030,214
5301252341401901,07,2032,011
340000177962841,06,2029,0872
5301252918360324,04,2033,029
4012885513198723,10,2030,666
4242427308482442,07,2026,811
370000530396417,08,2027,5278
5105108994277444,01,2028,136
5301257315167875,07,2031,914
340000128490256,02,2029,9640
340000159292415,08,2033,7571
5200827412729090,04,2028,293
4242426976164258,03,2030,047
2223008842571275,06,2030,288
4000002392618540,03,2031,683
4000000844465528,10,2031,519
2223008940593775,09,2032,655
5105102167797395,09,2032,307
5105107597134176,12,2031,066
4012882488077701,08,2030,698
370000606079087,12,2032,7667
4111115717884302,02,2033,017
5105105774123657,04,2030,119
4111111040917240,09,2028,162
4111110238998491,04,2033,291
4012884545979325,07,2028,574
4111117250657798,06,2030,954
4000006076537116,04,2026,128
5105100302076881,01,2031,370
5301257070588968,09,2032,357
4111110684552727,06,2026,868
5301255016775426,10,2031,353
370000142073677,10,2033,0459
2223009301709125,08,2031,444
5105105875279432,12,2026,867
370000220594875,07,2028,2241
2223004971307748,02,2028,387
370000247224605,10,2032,4950
340000656831087,04,2029,8978
4012882948238836,04,2028,029
4242428932269908,02,2033,559
2223007934038193,04,2026,837
4000005314110215,10,2031,770
4012889986585408,03,2027,074
4242422440426977,04,2028,041
4242422135882765,09,2028,530
370000182867921,02,2028,9397
4012887005254113,02,2033,141
4000001277079067,06,2028,359
340000466719449,08,2027,1828
340000089074180,07,2032,5651
340000849970982,02,2031,4356
340000480347672,02,2032,0420
2223001433962441,01,2030,265
4012889301169839,06,2033,710
4012885120915790,08,2033,084
5301252364193435,04,2027,486
2223005147128355,04,2032,663
5301251902933781,05,2026,889
4111116325008953,05,2031,870
370000849991130,04,2029,2559
4000000346328182,01,2026,216
5105103200170475,04,2029,109
370000161927902,09,2033,8978
4111118167261153,05,2029,117
4111114172135672,02,2030,356
2223009405153626,11,2031,169
370000064669288,01,2031,5036
5301254543332348,07,2031,819
4242422184549299,04,2027,519
4242429478174494,07,2028,768
2223007397864291,07,2030,606
4012882028848439,09,2032,999
4242425301741004,03,2031,719
2223003023554141,12,2029,282
370000684499405,04,2031,6517
340000435081814,12,2028,3567
5200821681800344,07,2033,172
4111114770860143,03,2033,063
2223000910409967,07,2032,837
2223007647485160,08,2029,772
4111119724611732,04,2031,281
5200824856672837,02,2027,784
5200828051117803,09,2028,417
4012886083863571,07,2033,704
5200821888771686,11,2033,760
4000003996970949,07,2029,254
5301253357350701,10,2026,443
5200824678407420,01,2030,920
4012888204787192,11,2031,159
4000004180724951,08,2029,648
340000451067572,08,2030,3070
4000000552195044,02,2033,079
4242423860761927,05,2031,709
4242425063817638,08,2033,993
5105101508280830,09,2033,353
4000000627750369,04,2030,716
4111115760400808,05,2031,334
4242424998903951,02,2032,435
370000256561590,07,2030,5382
4242422311303255,01,2031,143
4000001286980883,07,2026,517
5301259013673824,08,2027,557
4111113188187511,05,2030,715
5301252837496241,10,2028,786
4242425319546015,03,2028,976
5200826231790135,03,2027,001
4000001197273188,07,2033,225
5301255578635133,04,2028,712
5301258786545722,10,2030,993
4242425044594629,03,2026,841
5301250434986184,09,2031,913
5200820208616001,07,2026,179
2223007590358745,07,2028,694
4111117554794750,08,2028,606
5301258083019702,01,2032,454
5105102639468963,02,2026,484
5105106119493698,12,2032,984
5301254715174213,09,2030,927
2223001330908182,12,2026,788
5301257937072610,04,2029,512
5301254783188335,03,2031,666
370000603919210,09,2033,6310
5105107561741816,07,2029,765
4111113114228207,09,2028,429
2223008451380919,06,2027,886
5105103483634833,09,2028,515
340000698278974,02,2030,2551
4111111463037773,02,2028,005
4012883851893773,06,2030,413
4242421932067901,02,2026,084
5200820853358099,03,2027,773
2223005076116835,08,2031,267
5301255212850494,05,2029,675
4012884515807241,07,2033,956
5200827888808428,07,2029,253
4000000291084947,07,2029,230
2223008074383175,06,2026,599
5200828530772269,08,2026,847
5200828837865378,05,2031,894
2223008754136505,04,2027,253
2223006240183834,04,2027,521
4012885552774632,04,2026,034
4242421984182236,07,2033,278
5200824419859582,01,2029,837
5105108358289985,04,2031,097
340000277441969,11,2027,7922
2223009073357350,07,2033,261
4111111542912210,03,2033,768
370000995908714,02,2029,9210
370000533409902,06,2026,3257
4000007024883172,10,2033,815
340000535892706,07,2032,8802
4242420630851772,09,2032,040
4242422011999089,07,2032,119
5301251267639668,11,2030,432
340000876017244,11,2030,5816
4111115097582393,12,2027,281
370000352791984,08,2028,6576
4012885054131414,02,2030,651
370000896130806,05,2030,6970
2223004436955891,05,2027,926
370000650370820,10,2030,9444
370000266440074,12,2031,7485
340000229582076,10,2032,3497
4111119559251505,06,2031,439
4012884391585069,10,2031,480
2223002365312126,11,2029,899
2223000650962761,02,2031,837
4000009126668535,08,2029,492
5105102932345264,12,2029,590
4000004692323649,06,2029,300
4000000885629974,05,2026,156
5200826334578031,02,2026,266
4012886293369633,10,2026,925
370000085068114,02,2030,8260
4000003761656681,11,2026,228
4012881604799313,11,2028,811
4111111022104650,09,2028,726
4111119464590492,07,2033,799
5105108385633825,03,2026,741
5301253830309985,07,2030,667
2223009258456258,03,2027,212
5301254261952913,04,2033,584
4242424470468101,03,2032,686
2223007309598086,03,2030,377
4242425073105099,07,2032,185
4111111834057468,07,2030,964
5105103267112824,08,2031,199
4012880183125916,08,2027,186
5301252809371240,04,2028,991
4111116571563396,10,2026,421
4000001615811361,02,2029,013
4242424544563945,12,2031,219
340000089047616,11,2027,2412
4242420948962063,10,2030,608
4242428028369174,05,2032,523
4012886808868681,09,2028,208
5105102091283819,10,2032,587
4111117383431632,05,2032,383
4012889225268352,12,2030,773
5105101260863856,11,2030,328
4012881884723058,02,2031,393
5200822313751384,09,2029,540
5200820459446256,01,2032,511
5301250237077389,04,2030,844
5105105545228199,10,2031,619
5301254502747056,08,2033,050
4000009957965273,04,2031,560
4000009939758853,12,2029,282
5105101778557768,11,2029,617
4000008720592091,09,2032,385
2223009500031602,01,2033,739
4000004514203169,09,2031,549
5200827704441461,10,2027,866
5105107627488204,01,2033,323
5105109996567238,07,2029,069
4111114055892605,12,2026,239
5301254502503293,05,2033,066
4000004487781860,04,2029,039
4111112459980984,09,2033,565
2223002420913645,07,2030,442
4111113569389603,03,2030,486
5105109758978615,07,2027,861
5301256046223601,03,2032,914
4111110809476026,09,2027,190
4012889045738477,01,2029,828
4242424094043801,11,2031,971
340000111743026,01,2031,4760
5105100510715817,06,2033,184
4242425732247803,04,2029,037
4012881616389244,08,2033,652
4000005028283514,11,2031,837
4000000336525714,01,2032,858
4242426483144488,05,2028,157
370000970952968,03,2027,9223
4242427139720945,05,2026,172
370000894567371,10,2028,9211
5105107159813985,04,2032,103
340000758952765,04,2031,1627
5105105359184504,05,2026,611
4111118451673436,12,2028,094
5200821717391987,04,2032,991
5200827272810121,03,2029,541
2223004884022111,10,2030,021
4111118419994015,07,2033,164
4000001060330222,12,2032,546
4111111228605468,11,2033,267
340000482468443,10,2028,8300
5301251821467663,09,2029,668
5301258067417575,04,2033,459
5200827450141372,11,2032,637
4012882316088904,04,2028,489
4012886551546641,10,2029,348
4111110973183556,04,2027,837
4012881639084905,11,2032,242
2223000224470630,03,2027,013
340000466192282,02,2029,3481
370000496430077,03,2033,6710
5301253435503776,06,2030,909
340000924550386,02,2033,0326
5301257026592981,11,2030,910
4242426394530320,01,2028,666
5105101473634755,09,2032,265
370000109253536,10,2029,1219
2223000979767966,07,2030,571
5105100211089678,07,2029,918
4012880237731404,10,2033,746
370000285498491,11,2028,1969
4000006958119876,06,2032,817
5301253973896632,11,2030,305
4111115987319542,12,2029,583
4000005960442631,11,2031,111
340000950020239,09,2032,2397
4012880986890187,01,2032,546
4012887899406985,04,2032,961
4012885579390057,11,2033,065
5200821768096022,10,2029,963
340000211353106,10,2031,1006
5105107167394390,12,2027,776
370000994853879,10,2029,6006
5105106162328205,03,2032,981
5105100568237672,11,2028,919
5105105791671852,05,2033,529
4242426756650286,03,2032,780
4111116577496815,07,2027,314
5301259957497628,05,2031,089
370000281941668,05,2033,8288
5105104261215530,01,2027,881
340000033444620,10,2028,5654
4242424440412890,10,2031,180
370000108876139,02,2029,9480
4012886238997100,03,2030,499
4242421206363259,08,2032,060
370000193255561,03,2027,4926
4000005656975241,11,2026,429
4242423255147203,05,2027,167
5301254857318743,08,2032,504
2223000888864300,07,2031,581
2223004134530624,06,2031,491
370000196455903,10,2026,3319
5301256529089529,09,2029,277
5301253419942453,11,2030,416
370000463032732,11,2033,4121
5200823797003227,07,2032,838
5200821427400706,11,2030,898
340000098611287,10,2032,5075
4242422443200056,11,2032,800
5105109212877569,07,2028,061
340000230106824,08,2026,8817
5105101007955056,10,2029,215
4242424160754554,05,2030,908
370000812705012,08,2027,7464
5200823134385154,12,2026,601
4000005586409303,02,2028,019
340000355230821,02,2030,7688
340000069484698,12,2026,7921
2223007113138426,02,2030,241
2223002188503265,05,2033,546
4111117561186073,08,2032,949
4000008472636468,05,2031,113
4242422080496272,01,2028,497
4012882665739909,11,2031,333
2223009392080402,01,2032,391
4012886940927809,09,2031,226
4000002149170902,12,2028,569
4242427839242273,02,2032,147
4000007273349859,07,2031,017
2223004835021188,01,2027,066
4111114847783005,09,2029,437
2223003117129925,01,2029,044
370000235194067,06,2033,4093
340000794775709,10,2031,9578
4012885339293229,10,2029,666
4012888157970548,10,2029,760
4242428285750314,09,2033,570
5105105143582799,04,2032,008
5301251387774015,05,2030,553
4111110339068509,03,2032,045
4000000437551379,04,2028,183
2223000822492713,08,2029,058
4111112507667013,06,2030,481
5105107373048434,04,2032,616
4012882688612109,09,2026,900
340000731466693,01,2029,1327
370000360694576,03,2031,3161
4000003531080261,06,2028,255
5200827480076705,04,2033,159
5105105477875132,04,2029,399
5200822353648185,05,2026,833
340000854698502,06,2030,7552
5301259837927422,01,2031,384
2223001815666396,06,2032,256
5200828180541360,10,2027,581
5105104354544382,08,2028,783
370000105531315,08,2031,1592
4111114625402539,11,2029,177
5301259194862428,11,2031,126
5200828423040345,06,2032,710
2223003443322012,02,2026,332
4242424107514236,08,2031,259
340000876292847,09,2032,4327
340000102557294,09,2027,3450
4000004849473362,08,2030,957
4242427035929988,02,2031,549
4111115717459865,02,2026,581
5200821196569905,06,2028,328
4000000683472486,09,2032,936
4000001073641607,12,2027,680
4000005362652753,11,2030,171
5200828579842767,11,2031,541
5301255407491567,01,2027,600
370000773202454,05,2030,9993
4012883330917425,09,2028,779
340000490157145,01,2026,6953
4012889641086859,11,2030,796
5301251803414964,07,2033,575
5200824509100996,01,2030,569
4111115105430593,06,2031,812
4111114252722712,09,2027,066
4000009201759035,05,2031,654
5301256396634639,11,2030,456
4242425208372556,03,2026,948
370000007688510,04,2029,8218
4012889555715824,01,2026,102
340000076361129,02,2032,0401
5301255991412011,05,2031,436
4242421552430587,07,2032,533
4012882786407204,03,2030,496
5105107344744467,10,2028,426
5105103856309377,01,2027,273
370000184496802,11,2031,1184
4012884472183818,01,2027,644
5301259821986202,01,2032,297
370000246049367,10,2026,3048
4000009324075103,10,2032,056
4012880597781700,05,2032,796
5105103828963160,11,2026,310
5200824952457034,06,2031,150
4012880608463215,08,2032,880
370000898254364,06,2032,3008
5105106110136312,12,2031,224
5200822769839469,01,2029,837
4242429162629480,10,2029,885
370000719795249,12,2033,5563
2223002734696548,03,2028,252
2223001940487056,04,2033,246
4111112780045044,04,2029,732
340000381680312,11,2033,2381
4242425126903698,09,2028,146
370000336859329,01,2030,5615
2223007668650809,11,2028,959
340000876959726,08,2029,4017
4012881249538555,08,2029,344
340000138958276,01,2027,5858
2223009154492548,08,2033,944
4242425890937971,01,2032,738
5105109453469787,06,2032,837
4012881291125137,03,2029,237
5105100933380256,04,2029,632
4012884464307045,08,2027,857
4111114045694053,08,2033,558
5200825801523827,10,2027,267
4012881803126227,10,2031,447
5301254498860962,10,2026,660
5301253021316104,02,2031,396
4000008704913180,02,2033,876
4242424809743398,02,2026,265
5105108815039908,05,2033,596
5200822539372627,07,2029,141
4242422119497523,07,2028,295
370000381027632,04,2033,6907
5301252469213302,10,2032,058
5200825880970006,12,2027,739
340000376894167,07,2032,0199
4012886682191267,03,2026,346
370000796401208,05,2029,6103
4242426118468583,09,2030,724
5301254914835333,05,2030,521
5200821718936913,08,2031,011
4242428238874781,12,2031,400
5200825453395581,11,2029,780
340000655263332,06,2028,6536
340000829591543,09,2029,5375
4111113599783346,10,2032,257
340000097477177,04,2030,0843
4000007844574134,08,2027,326
4242423132671292,10,2026,437
4242427506503262,05,2029,935
4012882624367123,02,2031,918
5105101429957433,11,2027,482
5301254639403557,04,2031,331
5105107573973563,09,2029,262
4111116402477287,12,2032,401
5301257377337291,05,2029,348
2223007628738793,07,2029,063
5301259777395754,02,2030,035
4111111179876480,04,2032,529
5301257661169632,02,2027,694
5105100358167337,08,2027,552
370000109871105,06,2031,6701
4012889546756085,08,2027,940
4242423103369744,06,2027,408
4111119763153562,07,2032,553
5200821260313800,05,2027,065
4000003684842871,01,2026,862
4242423319953786,11,2027,045
5200824745871046,04,2031,056
5105103415160840,09,2029,565
340000686057315,04,2026,7095
4242421886520962,11,2026,014
2223003478805733,10,2033,832
4242424307862427,09,2028,257
5200820608367452,06,2031,870
370000313421630,06,2030,7046
340000458685293,09,2031,7769
5105102647704342,01,2026,905
4012884312826881,01,2032,725
5301253534789003,04,2030,324
340000789807657,04,2029,4163
4000008405144028,12,2029,285
4242423879075780,05,2030,847
5105107793369055,06,2030,584
4111116419632080,11,2027,182
5200827230684089,12,2029,573
4111110721375801,09,2027,388
2223003249406290,12,2030,915
370000505699522,04,2031,9229
2223008390030567,12,2027,263
4000003480106034,04,2028,541
5105102979076681,07,2027,690
4111110803554828,11,2030,829
2223003590420908,08,2031,429
370000547952244,07,2032,0275
4242421437988817,08,2028,467
5200825416217880,08,2028,219
4000001977072073,04,2028,189
370000832017463,11,2032,6541
370000765122504,08,2032,1475
5301256860484479,02,2030,612
4012883010361241,11,2030,461
370000665784312,03,2026,4476
2223006374540775,12,2032,586
5301256973189858,03,2030,991
4012880407803371,09,2032,236
5105108749120642,08,2033,543
4111115650772506,06,2031,599
4000007360653478,07,2030,521
5301252294242625,02,2027,407
370000198051882,05,2032,0534
5200825513746724,01,2029,239
340000000999614,05,2033,4172
5105104799439867,09,2032,866
4111112417508208,10,2028,949
5105105839480209,11,2030,763
4242426751601649,07,2033,361
5301255908814200,12,2033,376
4242422937934830,05,2027,189
5105101454326660,09,2026,290
4111117724253349,01,2033,187
340000747502077,11,2029,3393
5301256577340493,01,2026,708
4012882411501553,05,2033,217
2223007775235833,03,2031,355
4242421947551022,05,2033,961
5105106252148604,06,2033,758
4000001192000164,03,2028,055
4242423828617229,06,2031,685
5301259202953078,08,2027,189
340000736852657,02,2031,0977
4000002539166791,06,2026,625
4000000129015980,12,2028,155
340000166397603,05,2032,6115
5105101001011781,02,2028,111
2223006449049547,08,2028,341
4242427512335980,11,2026,872
5200828119592658,04,2029,523
370000323792434,01,2029,4600
340000103355730,04,2027,9427
4242426898186629,08,2029,933
5105101155287229,11,2026,015
4012885705616888,04,2031,711
5105109255278972,12,2026,500
4111111549858127,05,2032,790
340000148473993,05,2031,7064
340000592140288,09,2026,2406
4012884616117136,01,2033,678
5200829777787507,05,2033,242
5200825880265829,03,2027,013
340000106688665,06,2026,3807
4111113797736625,04,2031,983
370000953835354,07,2029,1074
4012883803944286,04,2030,871
4242428561679229,04,2029,259
5105108325538852,04,2027,924
4242429913299112,04,2028,645
370000477396792,10,2028,7181
5200827765776862,07,2026,314
4000006809490476,06,2029,616
4242424728873979,02,2026,939
4012885156460836,09,2027,776
5301253786126474,09,2029,490
5301251341171233,06,2026,052
4000009400668862,02,2032,618
5301259551407528,11,2028,142
4000002178177471,08,2029,380
370000736917412,02,2033,3592
4000006670525707,09,2026,104
5200823898297520,01,2033,606
4111111947530112,11,2030,008
5200827165737613,11,2033,060
2223006025020821,04,2029,312
5301253287402713,12,2030,232
4242422720535943,03,2026,281
5105102265947652,07,2032,049
5301256571352304,07,2031,385
340000104938427,09,2031,6406
2223008000123406,02,2026,529
4242420629897711,09,2027,795
5301256864858603,02,2028,164
340000674721955,03,2029,4634
4242429496636052,11,2032,846
4012888741953786,09,2028,229
370000224684144,12,2031,8461
5301255613686570,04,2032,587
5200822234238966,12,2030,360
5200824970408266,09,2027,567
4111110315713292,11,2032,061
5301259714209845,06,2027,086
2223002493978186,09,2027,358
5105107986644454,03,2032,172
4000006317765831,04,2031,390
5105100428989900,03,2026,266
4012886435510979,05,2032,205
4012881257788886,10,2033,735
4242425779106037,05,2029,020
5105105327733929,08,2028,389
370000590800613,03,2026,2633
4000002090376060,06,2030,270
4111112038706009,02,2032,864
370000079767218,04,2033,8653
2223003122700272,10,2032,488
4111116659459889,11,2031,705
5200824229756358,10,2027,910
4000004446630372,02,2032,752
2223007844983116,06,2033,575
4242427032567088,12,2031,417
5301252737596785,10,2026,959
4012884529009719,06,2028,314
4111117938523313,07,2027,600
4242420741128912,11,2029,838
340000232654888,06,2033,3795
4111112721448166,02,2032,633
4242421126077377,09,2028,378
5200820769772086,05,2033,608
340000806076450,07,2031,2987
5105107581264401,11,2030,808
370000079702645,03,2028,2285
370000523280925,01,2029,6268
4000006215924464,10,2029,296
4000003290380043,01,2031,840
340000176987864,12,2026,1321
4012882012406467,12,2029,892
2223003398198763,08,2032,136
4012881791902225,05,2031,100
4242422375557101,04,2030,602
4242421556361283,12,2031,974
4111113688590883,02,2031,268
370000982572838,06,2028,6529
370000942511884,10,2033,0161
5301259019956736,12,2028,608
5301255649815995,08,2026,873
340000313068909,05,2026,9557
5200823356859654,04,2030,781
5200821366734065,01,2026,468
4012882131231630,07,2027,009
340000989441919,03,2032,6119
340000531159621,07,2031,1537
5105102077361332,08,2027,275
4000005822468139,05,2028,427
5301251829815103,05,2033,647
370000066658214,11,2026,3669
4111119323078879,03,2028,264
5105107462410271,02,2032,409
5105109500649035,06,2031,966
4000007949035288,09,2030,153
340000932553760,11,2031,0610
5105106014120057,11,2030,693
5105104701379839,01,2029,107
340000874040966,02,2029,6012
4242428284870667,02,2033,672
4000005385424537,01,2031,999
4012889312293214,11,2029,915
370000872319753,01,2031,8086
5105106753869427,07,2032,539
2223002349410301,03,2031,416
370000890754692,10,2027,5967
4111112476146312,10,2026,750
340000939681192,10,2028,0379
4111113993442697,03,2031,132
370000056148937,10,2030,2152
2223008071595045,05,2029,331
5105101093734787,12,2030,197
5200827946925248,07,2028,787
4000001442311676,11,2032,764
340000718651903,05,2029,6694
4242421774631012,12,2027,518
4111112141862798,02,2028,869
4111115841130424,03,2033,412
5301252296057393,11,2026,884
340000557989828,10,2029,1386
370000823708674,01,2027,2426
4242423686226543,08,2029,830
2223005734310838,12,2032,826
5301253949769616,12,2026,907
2223005614148753,03,2033,990
340000004642954,01,2028,5966
5200826676126076,04,2031,137
340000556293560,03,2032,7946
2223000176520317,04,2030,217
4242420811014612,10,2029,197
5200824873040067,04,2032,690
5301254752403301,06,2028,269
370000592509378,11,2030,6429
2223005003913551,03,2031,881
2223001250579054,12,2026,788
4012888793585957,05,2026,841
5200824933325615,05,2032,771
340000366850914,04,2029,6364
5200829219676243,04,2028,486
2223004997785554,06,2028,703
5105103752038484,06,2026,325
5105103574118076,10,2031,954
4000009555925992,08,2033,588
4111110096515866,03,2028,126
340000918953471,05,2032,2598
340000741993595,05,2032,7646
4242425564168325,05,2030,227
2223004402106594,07,2026,391
4242429550127980,10,2028,366
5105107404703494,05,2028,125
4111116775048988,10,2030,764
2223006871841064,03,2028,104
4111119186646234,04,2026,775
370000307085359,06,2029,3526
4000009948887586,08,2032,714
2223005740309675,11,2029,904
5200826757695312,07,2028,589
340000026317478,05,2027,2346
340000597052579,03,2032,7659
5301258925204769,05,2031,278
4000003438007763,11,2027,115
5301250655807978,03,2031,670
5200825491090137,01,2028,582
5200822876953526,01,2026,488
2223000273255627,12,2026,794
340000880596365,08,2027,0659
2223000539242146,04,2031,893
5200820604076370,08,2029,794
4111117768057671,09,2027,516
4242427175005151,06,2031,208
5301254832777955,12,2026,567
4111113534346340,03,2026,594
4000002603558527,07,2032,417
340000845605228,04,2027,3535
2223003810832007,02,2026,904
4242421720379005,03,2026,842
4000009094565895,05,2032,811
4242425401250427,06,2031,481
340000724064992,05,2029,5735
4242421704586583,08,2032,891
4111119995596117,01,2030,061
5105101364785989,07,2029,832
4242422907136036,06,2031,357
370000929993220,03,2028,8674
5301252229527637,01,2026,560
4242422875523892,08,2033,947
4242420311085476,03,2030,861
2223001499115793,07,2033,059
2223000420942507,12,2031,783
340000382079308,11,2026,1157
4242427934559225,02,2027,896
4012881816921507,04,2029,935
4242420125690388,03,2027,406
5105103279012178,10,2026,360
4111114988498447,07,2033,097
370000073790414,01,2030,0651
4012884622106842,03,2032,521
4242426711300753,11,2032,130
5301253440331544,10,2031,597
5301257083414939,02,2032,428
370000120231057,08,2027,2322
4000007350174014,04,2026,459
340000149690140,03,2032,6499
4111116629989031,03,2028,294
340000713740420,05,2026,5938
5105103948517615,05,2033,728
370000357319807,10,2031,8315
370000303258240,06,2031,7212
5200825824189424,07,2029,335
370000098770318,02,2031,8801
4111113273480482,07,2033,784
4012888817512763,02,2031,819
5200821832704445,03,2027,231
4000001854255114,01,2028,973
4000006828939503,08,2032,374
5301256255405683,11,2029,668
4242421181483163,06,2026,448
5301259591671794,09,2026,666
370000191241647,10,2032,9477
2223000104488140,05,2026,701
5200820250970652,03,2026,335
340000335406509,03,2032,8830
4242424039766623,11,2031,782
4242427075087838,10,2028,024
4012887273223667,02,2030,274
370000479189609,05,2029,8801
4012884213083228,07,2030,713
5301255410302215,11,2030,106
4012883940351692,02,2030,486
5105109637427610,09,2030,241
5301252617153327,08,2031,112
4000007128836704,01,2027,767
5200822638527600,02,2033,753
4111116412566053,05,2029,049
2223008965893068,05,2028,114
4000002830564652,12,2028,803
5105101535459118,02,2031,957
5301253579653643,12,2033,709
4111117708898309,10,2033,198
5200829470531707,10,2026,013
4111119664332463,11,2026,279
5105102498596995,08,2031,873
4242426015591826,07,2030,363
4012889235436247,11,2027,299
370000979075423,04,2030,0580
340000562622026,01,2027,6992
5301257749592490,08,2030,065
5301255728023388,10,2027,476
4000005745286436,03,2033,820
4000004240988752,03,2031,922
4111111288060927,11,2030,099
370000641561214,09,2030,4889
5200825785809440,06,2030,106
4111113887134707,08,2031,675
4111117572241180,01,2028,098
2223007648282665,05,2026,336
4242420794963892,11,2033,855
5301251676855608,07,2029,387
4111118703109478,01,2030,745
4111113051367885,10,2032,883
4012884456498612,04,2027,012
4242424444626255,09,2032,391
5301259546216257,12,2031,285
4012887908676370,09,2029,121
370000931521118,01,2033,3675
4111114120292229,09,2026,182
5200821718522986,02,2030,281
5301251747972499,10,2033,569
4012886362841777,04,2031,631
4111115544458130,01,2030,317
5105109815253812,06,2031,861
370000870885599,09,2026,4297
370000082301310,11,2031,0372
4012882564492410,03,2028,018
5200820799729742,09,2029,193
4000004682754548,02,2031,806
5200829123920968,01,2030,977
4111110101703820,05,2028,333
2223008243121597,06,2031,562
4000000004915825,02,2028,149
370000093950204,02,2027,4480
5301259948419178,06,2032,255
340000799087928,11,2030,0046
5105102318469720,01,2026,430
4111111194582592,12,2026,563
4111112009779795,11,2031,089
4000005631761823,01,2026,136
340000777932780,10,2030,9878
4012882754829280,08,2029,549
340000418283437,05,2026,3054
4012884564242373,06,2029,939
5200829250684163,10,2027,637
4000009614768920,06,2033,843
4242426092319281,06,2031,472
340000283711850,05,2030,0514
370000572469536,02,2028,6103
4000009554599749,05,2033,054
5200827633961993,07,2026,237
5301257779036178,03,2030,877
370000538926868,11,2032,8655
5200822987832460,11,2031,457
4111119374018642,09,2033,421
4242423883090825,03,2032,778
5200827556545757,10,2033,227
340000750511874,09,2030,2932
5301250538179256,07,2031,437
340000769348078,10,2033,7829
2223006263158440,09,2032,929
5301257245503322,07,2032,730
4111113313431685,05,2027,872
4012889273710883,01,2031,359
4242421571975471,06,2030,574
4242420375172269,07,2027,665
5105108448230163,07,2026,178
5301252505327462,10,2031,512
4000005936285510,09,2027,860
4111119059176921,02,2029,192
5105105321439432,04,2026,741
4000003461118750,02,2031,151
5200824013060504,10,2026,337
340000485870660,07,2032,7704
4111113825625154,01,2030,073
5200824165757337,12,2026,625
4000008182507512,12,2032,078
370000902760661,08,2033,6285
4012881273627605,03,2033,938
4000006497434158,03,2032,737
4242428073886908,02,2027,692
4000000467608479,12,2032,011
370000376500676,12,2033,8382
4242420806011102,08,2027,459
4242423336468313,11,2029,842
5301255845007017,05,2026,037
370000442392330,08,2029,6925
4012881059211814,06,2029,047
5301254168147096,08,2027,319
5200828691812011,08,2028,598
5105103012788159,02,2029,561
4000008858801082,08,2028,310
5301251780000570,02,2026,576
4111113247996902,09,2029,499
4012887456202702,04,2031,355
4111114186504624,08,2032,637
2223007430130700,12,2032,724
340000045780425,04,2032,8863
4000007675405309,02,2027,494
5105100862180404,06,2027,671
2223006694251707,04,2031,170
5301256456999062,06,2026,195
340000212369903,07,2027,8271
340000754428265,01,2028,9291
370000949603734,07,2033,3343
5301253097817431,07,2029,426
5105103413417523,09,2031,976
4012887173053271,01,2028,151
5105106844689529,09,2029,209
340000895289642,09,2028,9970
4242423471647820,05,2029,986
370000207959273,05,2032,3133
340000376724331,01,2026,1852
4012885631881176,08,2026,185
4012880251320035,04,2033,302
5105100581288090,04,2031,311
5301253623542990,10,2033,250
5105109272275266,01,2026,433
4111110964263292,05,2028,104
340000082650291,02,2031,9786
4000009003080762,09,2030,674
4000007218448535,03,2030,895
5301250354048726,12,2031,041
370000284908581,08,2028,3323
340000365629921,08,2033,9977
4012886800453607,12,2032,430
5200829136981551,03,2032,685
4111116385098464,01,2033,040
2223004621083228,03,2033,933
2223008882946999,03,2032,695
340000796759321,11,2030,2690
5105103567043422,03,2027,162
4111119610721462,04,2027,439
340000240744580,10,2026,9353
4012884300809246,03,2028,619
2223000744067817,03,2029,303
5200822348088620,04,2028,970
370000215492036,02,2027,7986
370000836753741,02,2030,0936
5200828828290032,05,2027,368
340000433530432,06,2030,0287
5301250476096785,06,2032,006
370000369646106,03,2030,9449
4000007701806058,06,2032,965
5105100661390543,05,2028,126
5301257927190570,06,2030,126
4012887456215621,10,2028,723
4242423725927622,02,2027,183
4000006113466337,02,2027,994
4111119846175624,01,2031,832
5105105287681720,11,2032,268
4242425678372631,01,2032,917
370000943873630,12,2030,3540
370000338229950,03,2031,4813
4242425240345115,04,2030,306
2223001903348337,06,2028,642
340000275650710,02,2028,0434
4242421061028989,07,2033,245
370000991688286,09,2030,2009
5200824174094672,01,2031,208
4242422381905542,09,2028,962
2223004716298988,02,2032,556
4012880985836561,06,2033,488
4000003768696409,05,2027,299
5105107835591849,03,2030,342
4111111506449035,05,2030,634
370000375725704,11,2032,8435
5105109809184593,12,2029,960
5200823356908022,03,2033,795
4111112522537811,07,2028,148
340000567080394,06,2028,9059
4111119613071451,05,2026,885
2223000665742695,11,2028,668
5200822083341531,05,2030,492
370000313102743,07,2028,5442
4242427651083441,06,2026,238
5200826278890756,09,2028,825
2223008217510775,11,2027,104
4000008266218648,04,2029,116
5301250141844015,11,2032,554
370000358822965,09,2028,4849
4111119319657892,02,2026,386
370000133980484,01,2029,2304
4111117786852293,11,2026,990
4000009298917207,12,2026,909
4000006544935744,10,2029,332
370000516702471,10,2030,9349
340000848846399,03,2030,5684
2223009165692714,07,2033,541
5105102469820895,10,2032,871
5200824625090162,02,2031,118
5200826129471772,01,2032,352
5301258656878922,12,2031,737
5200821743882132,09,2028,154
2223007933585160,11,2031,667
5301255512477469,10,2033,417
5301259828094521,01,2026,046
4242420878344753,07,2032,945
2223006309422602,10,2033,050
2223001912355992,09,2028,262
4012888178444226,07,2027,861
370000634729075,10,2026,6532
4000001582408977,03,2029,363
4242429495236623,11,2029,681
370000339240543,01,2029,1372
4000008826308095,04,2026,317
5105106006699571,12,2029,662
4000009262879201,05,2028,846
370000071613626,10,2026,3087
370000659696662,09,2030,7320
4111110131439577,05,2028,728
4012889500128412,02,2028,066
340000270532822,04,2027,5455
4012884777909396,06,2027,097
340000027607802,05,2029,3821
4111119369112236,07,2026,549
340000299449800,07,2030,3551
4242421016181099,06,2033,456
4012889036753410,04,2027,817
340000190431824,12,2028,3096
4012880278537884,03,2027,953
370000804080804,07,2029,7294
4000009693359757,02,2033,835
4242429619975163,10,2028,970
4242427809074250,02,2033,129
4012887849377047,05,2027,097
370000456147349,02,2033,1976
2223006894308976,09,2028,590
5301259622989975,03,2030,681
4012881333739408,09,2026,051
4000006435328355,09,2026,907
4012888124468956,04,2030,098
5301256641711174,10,2031,569
4000009347359104,03,2032,250
370000208497885,08,2027,2365
5301255580594575,10,2027,641
5301250619576933,05,2026,481
4012885735585749,06,2033,417
340000767521940,08,2026,7065
4012887293535280,02,2032,202
5301256892376081,07,2030,843
340000764720594,04,2030,0811
4012884227709511,10,2033,733
4012883102196240,01,2026,859
5105108841866092,05,2033,104
340000635892200,02,2029,9905
2223005948713942,06,2032,876
340000689965779,04,2032,7935
5200824615099785,09,2031,498
4000006943975911,09,2026,294
5105108105236800,11,2033,050
4242427335684473,01,2028,043
4111111180543632,10,2028,242
5105106331180685,04,2033,727
5301259331097854,04,2032,714
2223001418565458,12,2028,375
340000634769136,06,2030,3964
2223001167183610,02,2029,012
4000009284203752,02,2029,613
340000085621182,07,2031,4109
5105106251733364,10,2027,600
4012888171409564,02,2032,357
4012880929956889,06,2031,695
5200822726210952,08,2032,788
4012886826435398,04,2030,679
4111111733243987,06,2031,209
4000000761457128,03,2026,690
4000000942686918,11,2029,160
370000092526823,03,2030,9647
4000007509133515,10,2026,780
2223006148606621,10,2027,135
4111110528769842,01,2029,338
4242428532403667,04,2030,497
5301256248500723,10,2026,795
370000229700259,04,2031,4455
4111119239179761,11,2029,200
4111118943929552,02,2027,317
5200823289041081,04,2032,379
4012880313521133,04,2029,354
4000004535476729,11,2033,788
340000402961766,07,2027,6229
4242426902112132,01,2028,920
4000000879886093,05,2030,392
4242424745837437,04,2026,602
4000005192790104,12,2026,607
340000593603441,06,2030,5026
340000734292112,09,2026,1404
4000001297154338,06,2028,710
370000740274982,06,2033,1106
4012889725914430,06,2029,475
340000303742695,09,2032,5971
5105109750119465,12,2031,916
5301259312217653,05,2029,214
5105101897733266,03,2030,206
4000009431118218,01,2033,732
370000367500164,07,2030,3264
4000002164360586,10,2029,187
4000008078862161,05,2028,099
370000849328523,07,2026,9155
4242425869139062,05,2029,419
340000529358649,10,2030,9357
2223005776410389,06,2031,545
4000002984414316,05,2029,166
370000877878415,03,2030,3662
2223000805911176,08,2031,042
2223000778422268,01,2033,363
4000009989705283,11,2032,906
5105107427109224,01,2026,534
340000455982925,12,2027,8383
4012884602095726,12,2028,394
5105105652415480,07,2032,438
4242428953726489,09,2028,332
5105108729465157,12,2030,278
4242427462075289,10,2033,313
4000007466973648,06,2026,402
340000662678159,01,2030,2956
5105100466193563,08,2030,360
4000001870908290,09,2030,283
340000683080369,10,2032,8774
2223002762414137,09,2027,122
2223000518099772,10,2030,641
5301253465744498,06,2030,326
5301252047689916,04,2032,813
4012884671709934,04,2030,851
5301256881638871,12,2028,951
4242429593184337,02,2027,502
4111118600994881,06,2027,709
4000005497744657,12,2027,811
340000224058734,03,2033,0972
5301251159846058,08,2030,076
4012885375311406,12,2030,964
4242424390403998,04,2032,242
4012880386056520,07,2032,702
340000652635151,12,2028,8254
4111110303114339,08,2033,573
5301252680085646,06,2033,994
5105101379914426,07,2026,616
340000164161951,11,2032,1313
4012885228728459,05,2032,485
5301250600660381,09,2029,385
4111119916578889,04,2032,932
2223000408654090,09,2029,988
2223008293220380,12,2026,570
4111117958113599,01,2033,394
370000538805153,01,2030,7087
5200825440619754,11,2028,240
340000234241999,07,2030,3400
4111113567874523,04,2031,238
5105105758164602,12,2030,314
370000120371341,09,2028,4621
5301259330498616,10,2029,160
370000910847732,04,2031,4186
4242429948003927,04,2026,647
2223007615805837,12,2027,054
5105108809608288,02,2032,216
5105106118824125,05,2030,452
340000977061695,09,2030,3725
4012882072017212,06,2033,703
5105104403598819,02,2030,049
4242422133576864,04,2029,159
4000008777617247,12,2029,913
5200820086295548,09,2027,989
4000000371751506,01,2026,205
4000004504273057,02,2027,915
340000940707937,10,2032,9421
370000096796331,09,2030,8276
340000329501042,10,2028,8673
2223004910217057,01,2033,514
370000636676449,04,2027,9626
2223004112313951,09,2032,903
2223003621253823,03,2030,581
340000121813850,05,2030,7075
4111112854226926,06,2029,090
5200826634619147,05,2026,692
2223002958854021,09,2029,079
5301257530145227,12,2031,777
340000938914297,02,2028,2075
4012888610920114,01,2026,670
4000000047643269,04,2030,433
370000951191628,07,2033,5465
340000743223835,05,2030,9050
5105109597004805,02,2026,161
4242421054973761,04,2032,314
4000006235703104,05,2029,176
370000779951013,09,2031,4382
370000445557632,10,2026,9270
4012883191366944,04,2028,356
4000005699793007,12,2031,941
4000000681759231,11,2031,030
4242420182619668,07,2032,221
5105103895767288,08,2030,668
2223005252901414,08,2026,497
5200828559747713,07,2031,176
340000028723392,03,2031,4985
5200822687601181,01,2031,404
4111116144000660,03,2026,207
4000004246260214,09,2033,387
4242420128644796,05,2031,204
5105105436808133,12,2029,483
340000722541132,02,2028,1543
5105100525263779,11,2027,116
370000683026548,08,2032,9383
4012887374256434,05,2033,960
370000959121783,04,2030,8941
370000102730928,02,2032,8498
4111118777670322,03,2031,805
4012888692510494,07,2028,657
2223000889381148,09,2029,408
5200828803219675,03,2029,823
5200826419201798,08,2026,004
5301254413484153,05,2030,668
2223004353233322,11,2031,347
2223000848712813,01,2026,396
5105101461246711,07,2027,691
2223009598606224,11,2030,020
5301250745788675,04,2029,390
4111114648977459,04,2031,103
5105108275523573,04,2028,039
5200823121558169,03,2029,633
5200825155539973,02,2031,676
4012880349752793,03,2031,007
370000329699237,04,2033,4399
5301257821032878,07,2033,208
370000940436639,10,2028,6945
5105101328699524,08,2026,481
340000217361384,03,2030,3793
4111119763848377,02,2032,179
4111115154993970,10,2029,571
370000482381599,09,2031,2158
5105104468450211,08,2030,162
5200824996269312,08,2033,728
5200824922568571,02,2031,434
2223008755495223,05,2032,114
4111115907253607,01,2029,823
340000288151169,09,2026,6471
370000280102379,03,2028,6395
4111119497557351,06,2028,728
4000009300668665,10,2032,988
2223002195286961,03,2032,326
4012888145292625,06,2026,438
4111116311695607,08,2032,002
4000000080618244,05,2029,008
340000433229977,07,2028,3147
2223003041190852,11,2030,924
4111113594267444,07,2027,391
5105105255353120,05,2028,052
4111111463417694,09,2030,142
2223006165125604,02,2030,224
4012881616038684,04,2033,363
4242427914204081,09,2029,877
5200826760149323,07,2027,220
2223006802218028,03,2030,900
5105106055918666,03,2028,089
340000887093531,04,2028,9283
5105100796482728,09,2032,124
370000920416908,02,2029,5980
5301253824034300,11,2031,030
5105101519505084,10,2032,404
5105100717741954,08,2032,065
4012884043192033,07,2030,462
4000005018754573,02,2029,183
5301252842328371,10,2030,635
4111113735866385,07,2026,595
4111117455081760,08,2033,490
2223006580645715,11,2030,675
4000002778856771,12,2030,624
370000966162473,07,2031,2252
2223003818517741,06,2029,225
5105100701251127,04,2031,832
4012885097189841,01,2033,544
4111117649461985,02,2031,960
4242424968785123,09,2030,697
340000656352803,03,2026,8019
2223003426805223,03,2026,397
2223002051979881,04,2026,925
4000008246482082,02,2030,517
5105108130167756,07,2027,997
340000703580570,01,2029,8305
5301258709637986,06,2032,335
4242429453464597,09,2030,076
4111115093917676,05,2027,885
5105100565693349,02,2026,883
5105101561294157,09,2030,554
4000007868248748,08,2028,385
5301259210118565,08,2029,700
4012881799917316,12,2030,237
5200823278398757,01,2026,028
5105102108086270,11,2028,121
4111118372937233,10,2028,212
4111113315632272,09,2030,154
5301251108977517,03,2028,810
4012883338323840,09,2032,956
4111113846969714,05,2028,595
4000008253478627,01,2029,992
4111114640064462,01,2032,224
4111118187566516,09,2030,940
340000256197913,08,2032,2826
340000381887289,11,2032,9548
340000872146864,06,2026,6522
5105103912130809,03,2028,724
4012886142590421,11,2032,726
5200823797576354,03,2030,634
2223005469733212,06,2027,511
4012887269400634,10,2031,323
5200824974437139,08,2028,741
4012887608274880,09,2026,384
4242423632769216,01,2029,539
5200826452226165,08,2026,436
5105101598116969,03,2033,048
5200828466882116,06,2031,576
370000375961523,08,2027,1281
5301255334360299,11,2029,552
5200821741646588,01,2027,594
340000877249820,01,2027,9366
5200824901840165,09,2032,617
340000692439903,09,2032,8316
4000003026606026,03,2026,458
4000003505379988,07,2032,657
5200829579790790,12,2028,471
4000000608880755,06,2033,486
4111111077190737,08,2032,913
370000552540280,01,2029,4083
5105104011176172,03,2028,066
5105109200689521,05,2028,294
4012887140062132,05,2028,067
4111116518748969,02,2033,442
2223006228748491,01,2030,493
4012885693791271,08,2028,355
4000003412367241,05,2028,481
4242426896654024,12,2027,803
5301251871085837,10,2027,415
340000225628964,03,2032,2596
5105107321438679,01,2033,259
5301252779023177,08,2028,251
4242423985385347,01,2028,744
2223003974216534,08,2031,571
4000008122227619,01,2029,249
5301256210898063,02,2033,234
4000009332590333,10,2028,118
5301251975858014,09,2031,772
4012882726540759,12,2028,320
4111118946126214,07,2030,436
2223000569327627,05,2028,009
4000004865411007,11,2027,897
4242428918365977,07,2029,737
2223002574925908,07,2033,500
2223007323333155,09,2026,993
5105105240372714,03,2031,130
5301254991469063,01,2029,529
340000617562011,09,2033,3070
2223008810179143,12,2027,411
5301251499380511,10,2027,829
2223000073404805,07,2033,996
2223009513201986,11,2026,537
4000001063027627,10,2033,824
2223002874699336,07,2028,670
4242422825018639,08,2029,654
5200828455639071,11,2028,148
340000053602743,11,2026,2852
4012888793786464,11,2030,266
5200825659628892,11,2030,888
5301253629159278,08,2028,900
340000478637431,07,2031,2064
2223002897258698,09,2027,440
2223004995741146,07,2029,925
4000001514498914,08,2032,817
4012888876427853,04,2033,691
4012884526396580,02,2031,973
340000611612457,02,2026,0856
2223000325908553,10,2030,424
4111118566435275,09,2028,625
2223008530998434,05,2026,497
370000358990820,09,2033,7614
5105107994242622,03,2028,628
4242422979576606,01,2033,447
4111118816377715,04,2029,849
4242420761219427,11,2028,311
370000849863479,08,2029,2753
2223007019113424,08,2031,075
2223006281738702,04,2027,685
5105105022736003,11,2029,320
4111117989554126,09,2028,744
5105105081304511,09,2027,197
5301250068754098,11,2026,526
4012884640191016,05,2029,262
4111110855687278,12,2030,780
5105107625626490,08,2033,419
4242422282192703,03,2030,243
5200821667372581,06,2032,901
5200821700778786,12,2032,594
4111114333334099,10,2031,191
4000007741965583,05,2030,524
5105102528169706,12,2027,303
340000164646951,05,2026,8411
4242428616662816,06,2032,607
4111118953896444,11,2026,857
370000219320217,11,2027,7501
4111114686580553,10,2030,466
4242425413430561,09,2028,327
4242420483653341,07,2033,873
340000503902990,08,2029,6886
370000534281490,07,2028,4159
4012880484560258,07,2030,090
5301252188420642,09,2033,412
5200823720488750,07,2030,760
5301259143540836,10,2031,327
4111115151024829,04,2028,988
370000401571346,10,2030,7032
5200820456295565,09,2029,976
4111115210614842,12,2028,233
5301254104324791,03,2028,419
340000558580808,01,2033,0348
5301252717418687,07,2032,258
4242423598917452,12,2031,530
5200826752079447,05,2030,854
4012883011428924,10,2031,669
2223006543138063,12,2026,729
5200824962448726,01,2032,092
340000149078262,07,2030,1861
5301254362280008,02,2029,171
4111112253613948,03,2029,362
370000250304617,07,2031,6605
4000000557672260,11,2028,840
4242423316710742,07,2029,192
5301253039140801,07,2028,008
4012882900325498,05,2032,208
2223004695683531,01,2028,970
5301258062828560,09,2031,446
5105109562176224,10,2029,677
340000027280444,04,2028,8266
5105107601469881,07,2027,361
4012883917822741,04,2028,564
2223004016161175,12,2028,392
370000467359974,08,2032,0389
2223005603260890,02,2029,120
5200821215442290,11,2031,365
4242429618254669,02,2030,277
340000648318425,03,2030,0151
4000008487840584,12,2031,471
5105100661362401,06,2026,496
4012882823200786,08,2027,254
370000944740044,07,2032,8637
4242429203882536,04,2026,073
5105105719208399,04,2027,099
370000504246952,08,2030,9328
5105101750136086,09,2028,792
370000979089713,09,2033,7813
4012887877043107,12,2030,838
5200826414608625,05,2027,127
340000774067051,01,2032,7859
4000009641657799,04,2032,724
4111119704330808,07,2031,991
4012889877510945,05,2032,840
5105106226199949,06,2030,126
370000128515147,07,2030,5938
5301255110686834,03,2030,175
5301258616983234,12,2030,573
5301253788066512,11,2033,481
4000003877524104,01,2033,994
5301259645518736,05,2029,147
4000005230769466,11,2027,404
340000057929050,08,2033,0651
4000005874896484,07,2027,349
5301251832203032,06,2026,949
4242420039372586,09,2028,182
5301252174040438,07,2027,705
4000005893355397,06,2028,583
4012882424882404,06,2033,057
4242422734668813,09,2033,863
4012886404389751,04,2027,221
4111111676942058,12,2029,181
4000002534688963,11,2030,328
340000716784177,01,2032,5197
2223000962733389,10,2027,033
4242428969921694,01,2030,201
4242420084599497,12,2030,928
340000727949967,11,2032,1800
4111115085829269,04,2028,979
340000285807300,01,2030,3632
4000009720690133,08,2026,936
4000005664213437,10,2030,950
5200826700828820,10,2029,504
4012880887784752,09,2028,367
5200822819681887,11,2028,759
4000009614553033,03,2031,899
5200821080986520,06,2028,611
5105104497991649,04,2031,435
2223007347377428,05,2026,397
5105103037241556,11,2029,995
4242424222501472,05,2026,004
4012889499294498,05,2029,361
4012884462105185,07,2032,041
5301252357339169,10,2029,233
4012880001733362,03,2033,272
4000001649426160,01,2026,190
4012884335458456,03,2026,865
5105107770649032,02,2032,168
2223007882069943,05,2033,592
5301259452750109,08,2031,742
4012888786703039,01,2027,746
5301250551550698,01,2026,834
4012886126474485,11,2028,173
5301250312135334,08,2026,050
370000987581719,05,2029,4319
4111110855512591,06,2033,598
340000583795959,02,2026,5454
4012881961603033,06,2030,388
4111119104358938,01,2027,123
370000109210023,07,2026,2055
5301251417547696,05,2033,771
4012885698383041,10,2032,777
5301253207444324,01,2033,606
340000809415606,02,2033,1433
340000751714543,10,2026,2779
5301250154556126,01,2031,423
4012884157825022,07,2032,386
4242428621733636,02,2033,292
340000418962147,06,2027,0974
4242423210385096,07,2026,021
340000080351199,06,2032,6325
340000759826323,05,2028,5989
5301253582364790,04,2031,918
370000732984473,06,2032,3217
4242426459522998,07,2026,675
4012883587320257,01,2033,745
5301256839348862,08,2026,635
370000842870083,09,2026,5782
5200823395850722,02,2031,613
4111117318416716,09,2026,912
5200824258926989,01,2030,043
4111113487857657,08,2031,471
2223005802737375,05,2031,558
2223000484405219,08,2030,025
340000023637258,11,2030,4109
5301251434198440,10,2029,555
5301255445334423,02,2033,406
4242425010544616,04,2026,300
4000009355522684,07,2031,580
4000008695694146,02,2027,298
4000004940516853,04,2027,378
370000210196202,03,2030,6774
4012888474792476,07,2033,233
2223003510240592,12,2029,017
5105108007108594,08,2026,306
4012885178131589,09,2030,136
5200826864525394,03,2029,681
5105105492256581,09,2033,734
340000344876304,02,2032,6854
4242428394177136,09,2027,394
4242423638140941,01,2032,662
2223002075181530,01,2026,783
4012886342457587,10,2033,013
5105103900063665,04,2031,812
4242428561070775,12,2028,514
340000848225255,11,2030,9989
370000756699338,05,2026,4710
4012887511431684,07,2026,334
4111114247520056,10,2028,932
5301254980703522,01,2029,364
4012880372584634,05,2027,335
5301256309093097,10,2032,187
5301252293411627,03,2033,375
4242426418972003,03,2031,647
340000637454918,06,2029,6591
5200828771224160,11,2028,317
5200826484806927,02,2028,617
370000719635239,01,2026,2592
5105104132603872,05,2028,518
2223005946831399,06,2033,599
4111111513752264,07,2027,192
5105105691593677,07,2029,357
4111114905152077,07,2033,510
5105109761709445,03,2026,013
4012887322302728,05,2028,907
370000114620745,01,2030,3380
2223009127666186,05,2030,953
4242428029911214,12,2028,184
4012881428448709,03,2029,549
5105105938437472,01,2030,192
4012885535543591,07,2029,738
4242427332469290,08,2028,040
4000000990127245,01,2030,507
2223002524753509,01,2030,520
4000004031357530,03,2030,382
5301256120248821,10,2029,940
4111115507470817,04,2033,057
5105104922235570,11,2033,973
5105106827705250,04,2028,076
4000009207518914,05,2030,164
5105107908347756,12,2029,524
4012883445148775,09,2033,408
5301256734523809,12,2030,431
4012886013699137,09,2028,576
4012889920946765,06,2032,830
4012888009520723,09,2027,821
4000004485475184,02,2027,782
4242424534608155,01,2026,100
340000766290414,04,2031,0470
4242425806097837,11,2030,639
370000845059528,06,2026,2415
4000007168180724,04,2029,150
4000000294152022,03,2029,166
5105109207154024,07,2028,367
5105109991824956,10,2029,647
5105109535559043,08,2028,886
2223005146930868,10,2030,021
4012881196644968,03,2027,530
5301259434907173,01,2033,721
4012882535372311,09,2029,169
5301251326646514,12,2029,627
340000608811237,08,2027,1520
4000008832982438,02,2028,653
370000317831438,04,2032,9926
4012886438382822,08,2028,233
5105105909184491,09,2029,731
2223008590712048,01,2031,327
4012888731368227,05,2033,906
5105108451108306,09,2031,343
2223005149544542,02,2033,527
4111112918959165,02,2028,961
4111113268538617,12,2028,654
2223000870556047,12,2033,467
5200829112015754,09,2028,238
4012881700392401,12,2030,666
4012882737177534,01,2030,120
370000610958086,07,2028,7462
5301256329511763,08,2027,171
4000006015129801,03,2031,210
4111113140368688,03,2027,527
370000711158214,10,2028,2839
4012883845063368,11,2032,780
4012889519712750,01,2030,506
5200827389597397,03,2030,994
340000060036141,08,2027,4656
4012882462538744,11,2026,731
4012881171951792,05,2026,708
5200823782193975,03,2029,453
5105102084173076,01,2030,617
340000541609268,09,2033,0280
4242429571576512,02,2026,565
5200820033768746,11,2033,576
340000631714481,08,2033,8643
4242421350247324,11,2030,972
2223009326220561,04,2030,017
340000090906297,06,2029,3054
5301257989885000,02,2026,854
4000002091581122,03,2033,305
4242422761091509,06,2027,310
4000006803849610,11,2033,478
4012882048008626,12,2030,927
4111119601137371,04,2032,693
5200823960625640,08,2032,629
4000004743819884,07,2030,377
4012883328421893,11,2031,196
4000002845648946,05,2028,746
4242422692766971,04,2028,811
4242426323690831,09,2031,159
5200824985915982,05,2031,478
4111117608784567,01,2027,416
5105108017666383,03,2026,933
340000467436852,07,2033,2961
5105103384184664,04,2031,600
4012880732125821,05,2028,910
4111114653144144,03,2027,732
5301254691770679,12,2029,094
4111114403242024,04,2030,711
4012880413698583,07,2032,623
4242420678717950,06,2028,979
340000932810996,06,2030,0971
340000346218232,05,2029,6589
5301255413919536,05,2028,791
5301254363788751,09,2033,982
4111112943123522,10,2030,597
4012884567274068,08,2028,880
5200821074156296,04,2031,622
5200824376999082,12,2031,909
2223003496494775,12,2026,781
4242422690662230,05,2031,143
340000602228453,04,2029,4527
4242427661819891,04,2030,412
370000736967920,11,2033,2749
5301253545611113,04,2032,145
370000779205675,09,2029,4868
4111111726905600,07,2028,831
4111113331982669,12,2029,192
4242423319825489,11,2033,309
5301251932823796,06,2026,258
5105103354163060,03,2029,264
4111113395657694,10,2028,878
4000003716979766,04,2033,736
4000005320698062,02,2027,565
4111117685703472,12,2027,267
370000705919563,11,2028,1729
340000768464363,05,2028,5751
4242423563780489,08,2027,307
370000746691684,03,2031,9278
4242423037167008,02,2026,083
370000521697864,04,2027,8695
4012881016644149,05,2033,759
5105106876058734,02,2030,455
4242424511853113,07,2031,321
2223003070998753,07,2027,527
5200823603541261,06,2029,534
5200820880604085,02,2026,544
4111117714655180,05,2027,817
2223001982909538,07,2028,793
2223003201209211,03,2028,794
5105100844207226,10,2028,344
5105102238612706,01,2033,238
340000590501515,01,2031,0253
4242426451987975,05,2027,955
4242421403024407,03,2032,826
2223005025303112,01,2033,222
2223001285695198,02,2032,744
2223006678493283,04,2030,760
4111118972110637,10,2030,649
5301258511254574,11,2033,586
5200822273784862,06,2028,465
370000411291950,10,2031,6907
4000005845471664,02,2030,312
4111117846221240,08,2026,288
2223007023874375,08,2030,898
4242424653590226,05,2027,132
4000006618820871,07,2028,371
370000873302709,10,2029,7832
4000005408788272,12,2028,669
4111117554168849,12,2032,034
2223001749170481,04,2028,107
5105100996226065,03,2033,581
5105100053181799,12,2030,798
4012884516684797,01,2026,638
4111111509863745,07,2030,766
5200828684322127,05,2032,437
4111114420855576,05,2026,420
4000002947344345,08,2028,604
4242421436422669,05,2027,862
5105105891491599,10,2026,906
5301250311012286,10,2026,082
4242424913947117,07,2027,772
5200828276800332,03,2029,054
370000101923748,06,2028,6278
4000001890569155,04,2030,920
4111115685763579,05,2026,270
5200821335937344,06,2032,513
5200820946334388,07,2031,114
4012883295147000,01,2029,205
5105107623451008,02,2033,100
370000805524438,04,2033,7383
2223008113446595,12,2033,221
4111112169234367,09,2033,671
4242423631977430,10,2029,453
5200828691946199,03,2033,564
340000216430198,10,2029,7720
4012889478145646,08,2026,622
5301253056507197,08,2033,933
5200823010362319,09,2027,228
5105101139720022,05,2027,506
340000800874264,05,2033,9877
2223005037202344,06,2033,643
5105101246975501,07,2027,913
340000399032225,03,2027,2346
5105101647449379,02,2028,267
2223007065757108,04,2026,911
2223008761532449,08,2031,487
5105107279290452,11,2033,227
2223009599645932,09,2033,083
4000006940183824,09,2028,243
5200828175133223,07,2031,098
4000001342737319,08,2033,066
2223009773810898,04,2029,332
370000960951525,09,2027,6123
4242425252337679,09,2029,052
5105109486503867,10,2030,681
340000064866667,10,2032,0173
4000006590940127,05,2026,273
5301257405187825,01,2028,632
340000835688127,01,2030,1457
5105101581035069,09,2031,782
5200823476883154,06,2033,130
5301257785032203,12,2028,660
4012882301887278,02,2026,563
5200829446436221,12,2028,067
2223000888213979,01,2031,290
4242428602439005,08,2027,581
4111112365133884,03,2030,036
340000863403076,10,2032,5738
4000001027367887,06,2029,107
4111115406227979,12,2031,214
4242423672152836,03,2026,528
340000641629687,06,2033,9554
2223002882996716,11,2029,104
4111117981839194,03,2026,685
4012882174904697,04,2030,459
2223005423156583,08,2028,225
5301252680866045,08,2032,307
340000396891904,11,2032,6972
4242425892723320,05,2030,628
370000452745369,10,2027,3948
5105103693334588,07,2028,927
2223002914842490,12,2026,349
4111114374982210,05,2027,442
370000150866970,04,2026,3575
4000007566300494,01,2031,680
4242427588140215,01,2029,632
4000005919666975,11,2028,352
4242425869070333,04,2033,383
340000764183421,09,2026,8278
5301252729645145,02,2030,311
340000662528453,12,2030,9943
4111113054747075,05,2028,571
4000003620404125,02,2027,848
5200829909329079,03,2032,913
5200826341496417,07,2031,459
4242428203985786,02,2028,247
4012884039792531,08,2032,584
4111114878061560,04,2030,266
5105100856603171,07,2029,207
4242426965069146,01,2030,776
4242428583700938,07,2032,944
5301257710500084,08,2027,071
4000005766956966,09,2031,238
4111118334554795,12,2027,873
5301254050233467,12,2031,002
5301257624339041,11,2029,510
5200821970996233,01,2026,284
5105109500175734,07,2027,645
340000567790034,06,2026,3191
2223007078761873,12,2031,431
4242421164079004,01,2033,065
5200823201105865,07,2029,510
5200827759743274,02,2032,604
5200823945159293,06,2031,078
4000008108199436,07,2033,868
370000605561325,07,2026,7852
2223001097186253,07,2030,564
5301259949774654,09,2029,146
5105100154746656,10,2032,149
4000004926384938,05,2029,466
4012884024797016,05,2030,675
4012887228012975,01,2031,862
4111118358711842,06,2027,554
5200829607706537,08,2032,057
5301251600187219,03,2029,740
4111117429108319,01,2033,474
2223007359813260,11,2031,632
5105107260655333,05,2028,726
5301255486088425,03,2027,418
2223005318696487,06,2030,043
4111119183714639,04,2033,324
340000400304142,09,2026,7853
4242422387671908,12,2028,716
370000334246529,03,2026,6472
2223001761858518,01,2031,420
5200822629756481,12,2027,462
5200825690610636,05,2028,372
2223002809262424,06,2026,414
340000585578056,12,2033,2595
5301250630723878,07,2030,380
340000632278973,07,2032,5229
5105108989910660,02,2031,064
4242423363574991,11,2030,416
4000001023810807,04,2028,329
4012882834319146,01,2028,055
2223007017364532,05,2029,017
4012882977962900,11,2033,917
5200828895094804,07,2033,908
2223002461844246,10,2026,275
5105107623890825,01,2032,367
5301258207079194,03,2030,567
4111117310764584,01,2031,150
4242422087078974,03,2029,687
4000001116548371,11,2028,061
5301256523006396,02,2029,345
5301251647750565,09,2031,052
340000998877988,05,2031,5677
340000124890178,07,2033,5594
340000747919727,04,2026,9227
5105109691579058,06,2031,226
5105108388395273,11,2026,803
4012884259099500,01,2030,940
5200827967683171,06,2029,894
4000005409150779,12,2028,115
340000599500039,01,2026,1918
370000367106590,12,2026,2853
5301251866267192,10,2031,792
340000860095073,04,2028,0748
2223003046118353,10,2031,301
370000586629786,03,2032,9818
5200829210664610,10,2028,943
4111118076484391,11,2027,722
2223004950289362,12,2033,867
4012884404583556,06,2026,673
370000553326523,12,2033,6039
4000002110503990,06,2026,023
4242428539287998,03,2028,384
4012888775439025,02,2029,694
5301255259902273,05,2032,821
5200820809044603,01,2027,189
4242428737379191,12,2029,670
5200828101877927,12,2032,736
4012887439521574,10,2031,524
5105107746413315,05,2029,340
370000030165031,03,2029,9742
5200820361018607,09,2026,222
4111113809918179,08,2029,783
4012884118557540,10,2030,435
5301254945147831,10,2033,749
4242421336713910,11,2026,471
2223006905810077,11,2031,091
4000007471344140,02,2033,723
5200827539312333,12,2028,535
370000321322242,04,2026,3315
4242423005019454,04,2026,474
5301254477499782,01,2026,376
4111119853974091,06,2027,526
370000202043065,10,2032,8771
340000171093767,01,2029,1984
5200827536055687,08,2033,281
4111114829938593,11,2033,884
2223000777988012,12,2030,340
5301256976502545,03,2030,263
4012887885212397,02,2032,677
4012882037539698,04,2032,807
340000914047658,04,2033,9233
5105109361056262,06,2031,629
2223009565772918,04,2032,151
4242428411681912,10,2033,977
2223004522456721,04,2029,103
340000260795892,12,2028,2153
5301254803635745,02,2030,876
5301259418786114,09,2033,076
5301256129668862,03,2028,952
4000003406090353,06,2032,303
5105105170367213,11,2033,888
4242427829255012,06,2029,221
4242424878731845,09,2029,916
370000958286785,04,2027,9310
2223002757258614,03,2033,018
5105106186343834,08,2028,905
4012883644724921,11,2026,787
5200829825567307,06,2030,614
5301252474629518,09,2030,666
4012889312680568,12,2030,394
4000005403676696,11,2029,170
2223003908329221,06,2028,761
4242426585934737,01,2030,650
5301259112798936,04,2033,581
4111115542527167,05,2032,186
4000008147805027,03,2027,354
4242420687209601,03,2028,384
370000999891320,07,2031,1007
4111117580851236,03,2027,817
2223008238247910,01,2028,847
5200828474317055,12,2028,561
5301253157205063,11,2028,089
4000000693452601,05,2031,442
5301259030717299,02,2031,740
4242420338707524,01,2027,575
370000200764209,01,2028,1649
5200829999677130,10,2033,359
370000996804656,05,2032,1070
340000970847579,08,2031,2465
4000007721365598,04,2026,229
5301257379866354,12,2033,579
4242424467186286,12,2031,534
370000575365863,02,2029,4366
4000002311017709,03,2027,965
5105108615189846,09,2032,056
4012889887362584,04,2029,108
4000001651096554,03,2031,696
5105103833810216,11,2031,056
2223009023897828,09,2027,636
370000134962283,04,2030,4450
370000374840108,09,2026,0198
4111119415214762,10,2031,686
4012881656151819,05,2030,596
4000000836778870,12,2027,673
4111118894528288,11,2027,200
340000078624680,11,2032,6175
5105108795340813,01,2033,854
5105107647586623,03,2026,637
4000006348183822,08,2026,505
5105109519691887,08,2029,045
4012881671466267,09,2026,251
4000004761758345,08,2032,133
4012880470176580,10,2033,236
5200822134329329,03,2028,515
4012881093093558,11,2032,852
2223003359888543,07,2033,335
5105103392210212,03,2028,702
2223006034545321,10,2033,434
4012880521253958,07,2032,441
370000164819387,11,2029,5317
4242425803908168,05,2030,800
340000096027759,07,2031,2580
2223002227441972,12,2031,920
5200824530323690,01,2031,556
4242422470415650,07,2031,188
2223008248244683,09,2027,351
5200829111444583,03,2030,130
5200826549946072,06,2029,441
370000175858861,02,2028,4632
4000004298807631,01,2032,311
370000101142067,11,2029,2986
2223007468413143,11,2027,352
370000595550809,04,2027,0756
4012889825292042,11,2032,513
4012880034754682,06,2031,281
5200821725917815,05,2030,917
370000632748986,11,2028,2978
4242426479977222,03,2028,335
5301258878788016,02,2028,875
340000967549832,11,2032,7952
5200827480862344,06,2030,607
340000347546862,03,2029,5978
5301255504455069,01,2033,730
5200823661012957,01,2028,167
4012886466677317,09,2032,567
2223002753095572,12,2032,735
5105108489718720,03,2032,771
5301253085008324,10,2032,034
5105105298625443,06,2027,306
340000968335652,05,2030,3035
340000295324346,03,2033,3952
2223008459906988,04,2028,089
5105102920518245,02,2027,501
5301251652117262,06,2026,320
4012886607623980,11,2030,244
5105102534763740,12,2028,208
4012883698154744,02,2031,656
2223006277168112,11,2032,012
4000001876893207,10,2032,643
370000991682826,09,2029,1864
5301250009922333,02,2031,487
370000797577154,05,2030,3343
4012884581103855,04,2031,751
5301255060849713,09,2031,669
4242426651446376,06,2032,291
4242423631733064,03,2032,691
5105101528792327,08,2030,735
4000005336972733,05,2027,754
4111117853162980,10,2027,271
4000001743543357,07,2026,435
2223000942973576,01,2026,525
4111112847938504,04,2027,568
4242424556256891,06,2026,902
5301259951718276,01,2032,249
5105107208330064,08,2026,534
2223008515023646,08,2029,990
5301256598947839,05,2029,973
5200827584917390,12,2026,936
340000462257071,12,2032,0021
4012888816194704,05,2030,953
4111111780658343,11,2027,399
2223000548694782,06,2033,159
2223004304747750,05,2030,602
4012887784630780,11,2031,061
340000456567634,10,2027,5147
340000474512174,12,2033,6473
370000237677523,11,2033,8331
4000006772072269,03,2026,925
5200820242481123,09,2030,754
5301253592566442,04,2027,559
5301258952966918,02,2032,780
4012881929953405,10,2026,516
340000688807055,06,2026,2485
4242422105621847,02,2030,429
5301250068101720,12,2027,014
5301255584376805,09,2029,533
5301252111254704,05,2031,734
4000007965606434,04,2028,492
340000313837881,12,2028,3270
370000314200363,10,2026,3687
370000902614405,01,2026,2556
340000465570215,07,2028,4888
5301257328077715,06,2030,785
340000613077915,02,2033,5502
5200826303132638,06,2026,568
340000888412326,06,2031,1565
5105104238065927,05,2028,968
5105107083168852,11,2029,914
340000833912396,11,2030,0266
5301256627374047,05,2031,132
4111112924837017,02,2033,722
5105104965105698,06,2026,711
340000477525769,01,2032,9523
5105100826829880,01,2029,242
4111112357473298,05,2032,372
5301257402562715,06,2027,800
4111119731406118,04,2027,272
4242420415768423,08,2033,828
2223007200553842,03,2029,954
5105103355862561,03,2030,928
5200829401723753,05,2029,807
4000001358187177,10,2030,722
5105102553701969,09,2033,133
4012883577170001,08,2027,321
5105103671305345,09,2027,638
340000182461656,10,2030,9111
5301259808114612,02,2028,315
4000006324902120,06,2027,623
5200821687223434,03,2031,151
5301259626493834,05,2027,120
5301257134956227,04,2027,389
4111114595592475,09,2033,090
4012880272015325,12,2028,611
4111115543763126,07,2031,601
4012886931071435,12,2028,047
5105107798635419,12,2029,848
5105108032896379,11,2027,394
4012885842866578,03,2026,147
5301258982537440,09,2030,325
5301251960885865,04,2031,214
4012882734071698,04,2027,526
5105106750898619,06,2026,626
4012888892173168,05,2026,221
4242420333194470,11,2030,422
2223002891580287,07,2031,845
5105108267803769,06,2031,809
4012884006802016,05,2029,419
4000004078116575,04,2027,508
5200822598979296,11,2032,586
5301253440379840,04,2027,234
340000219145306,05,2027,5713
4111110131065141,06,2031,676
4012882068505550,12,2028,836
340000282384022,05,2026,7223
5200822896304288,09,2030,418
370000853015859,03,2031,2521
5301252805140334,03,2033,715
4111113337318017,07,2027,268
4012889962692129,04,2031,702
4111112082241358,02,2029,055
5301259181572204,02,2026,922
4242420881255509,08,2032,301
2223005489830303,04,2028,744
370000107096820,05,2027,5881
5200826874577286,06,2026,739
5105100302508883,10,2026,457
4242422698178544,04,2032,728
4000009902502981,06,2033,696
5105109477975082,08,2026,971
340000700424152,01,2026,2862
340000740715940,11,2026,3669
4242425928324127,03,2033,838
5301252693274419,02,2026,182
4242422913392508,05,2033,742
5105104485462231,04,2031,801
5105102993063186,04,2026,408
4000007624368392,08,2031,298
370000251476869,07,2027,6920
4012886338073893,04,2033,539
4242422008820660,11,2029,875
5105102732995375,08,2030,349
5301256160115658,01,2032,325
340000642838006,07,2026,0431
4012889038917575,08,2026,772
4000002714950928,03,2028,071
370000839128339,02,2033,5746
4111112592724554,09,2029,096
340000435455596,05,2029,4977
5105101167111367,09,2028,707
2223009541594170,02,2028,330
5301259836007374,12,2028,595
5200829999204539,12,2026,160
5200829315952456,02,2026,636
2223001512573259,04,2028,862
370000699033991,09,2032,2556
4242424527963559,01,2026,243
370000226428128,08,2033,1222
5105105410124390,09,2030,829
4242422258082813,11,2026,066
5105108524937111,07,2028,400
2223005858749068,10,2028,563
2223004541496054,07,2032,882
5200827234795709,11,2033,272
4111119514394655,08,2028,337
4000009789868851,08,2030,653
370000492239407,07,2029,0158
4111118149733865,04,2026,800
340000591751838,10,2029,3471
4012884873683754,06,2032,592
5105106068105533,08,2027,990
4242424016303945,08,2033,255
4012883522407805,05,2027,219
2223004756463864,10,2030,155
4242420006761597,09,2032,650
5200822056584471,01,2027,652
5105100934146433,04,2033,697
4012889097318459,03,2027,602
4242422945671333,05,2028,179
2223009178793160,05,2029,505
370000090344450,06,2031,1190
4242421072347493,09,2026,783
4111113299172402,01,2033,644
5301257960661727,09,2031,718
5200826647835441,07,2032,413
4012887031958505,08,2031,792
4012888731969032,04,2029,540
4012887513673044,12,2031,946
4242423518332113,03,2026,702
4012880170829272,01,2027,642
5200828821608453,07,2030,935
340000445153868,10,2033,9341
5301251777237409,05,2032,402
370000318980416,02,2031,9423
5200825763040950,09,2030,185
4111116034383176,10,2028,670
2223007522111675,12,2032,003
5301259114433227,12,2032,250
2223003323646191,03,2032,775
2223005784026193,10,2029,615
5200825828301876,03,2032,773
4000003866846526,09,2032,988
4000003736607090,02,2031,282
5105108363079363,08,2027,553
2223003392895166,01,2030,982
5200827622537135,07,2027,744
2223001085790413,05,2031,598
4242428909367461,11,2026,310
2223006506643778,04,2026,843
340000503092156,01,2028,7202
4242426660938389,04,2028,788
2223006184278665,03,2029,285
4111117534507017,04,2031,382
370000216201576,03,2033,2309
340000364062298,10,2027,0774
4012881499049485,06,2028,675
5301251545387387,10,2029,728
2223007452010202,07,2031,305
5301257379311419,03,2029,841
4000002127834164,05,2031,616
5301254473502423,10,2027,998
4000008653887146,07,2031,649
4000003795152509,05,2028,896
370000069219477,08,2031,9832
340000907572159,12,2028,0201
5301252879484154,06,2030,333
4242420482654852,04,2027,987
5200825285695968,07,2026,991
340000325759644,12,2033,4286
4242420670662725,09,2030,343
4111115822725374,07,2032,039
4242421179751514,05,2032,270
4000005286300521,07,2026,528
5301250258824982,03,2031,149
5301252946322320,12,2027,542
4242425281861400,09,2027,922
4012880739186040,09,2026,025
4111119335224263,03,2031,879
5105104066351076,11,2032,311
4111114875706233,09,2027,424
4012889315928113,04,2029,713
4111115680831074,09,2030,750
4000005459328598,02,2032,144
2223003442577756,07,2030,359
5105107964854323,06,2029,659
370000818385967,03,2033,4462
2223009114462425,10,2031,894
4012884977484778,05,2030,460
4111111296957650,04,2030,977
5200825310765737,10,2028,080
4111119438828176,12,2031,650
370000156542351,10,2029,7684
4111119533082737,05,2032,999
5105107047208315,12,2032,857
4242422038906778,06,2030,664
370000401468899,01,2031,5043
2223001302909192,11,2028,803
4000006251718945,09,2029,957
4000007118069944,04,2033,952
370000510469408,02,2031,3802
370000253581310,05,2026,4942
5301255513544986,09,2026,541
2223004918570135,08,2027,837
5200825728144939,05,2031,811
4111113917464611,09,2027,376
5105103096645218,10,2028,566
4000005085784099,02,2029,431
4242420033045642,09,2030,818
2223001438641263,11,2026,375
2223001680211187,05,2028,839
4242428012041268,05,2027,957
5200822515836603,04,2030,179
5301257208700824,04,2031,837
370000836557068,08,2030,5941
5301253256613761,07,2033,436
370000344723996,10,2029,4880
4111116616971786,02,2030,399
5301253755447927,06,2033,836
4242425608049135,01,2031,902
4000003851755500,09,2027,857
4111115084369283,01,2031,775
2223001334461683,12,2026,821
5301251203357680,09,2030,717
5301254968721066,12,2031,550
4111112850420432,05,2031,274
370000513955320,09,2031,2379
5105106445870494,06,2028,511
4012882227741708,04,2027,816
2223006012041301,04,2028,935
4111111415762874,01,2030,216
5301254800123471,05,2028,413
5200827528854790,09,2030,259
4242421300202734,08,2030,965
4111117510047053,06,2030,672
340000257137918,08,2033,8208
4111110315644299,09,2028,645
4012888745944187,02,2030,194
5105108874688017,07,2027,275
5200822947080473,07,2033,242
340000393026751,12,2030,1458
5105109640794865,12,2032,066
4111111133529944,08,2033,621
5105106721322194,04,2032,138
5200824204078794,07,2032,348
4012888094562960,07,2027,500
5200826684128197,05,2029,735
4012880296472171,06,2026,094
340000112253405,08,2028,8921
4000007548233961,05,2029,698
4000006633380166,02,2027,494
370000115273486,11,2029,5217
4111111955579506,10,2026,713
4012883479742477,02,2033,707
370000443140035,01,2033,1762
4000008822237264,05,2027,310
4012881340870071,05,2030,659
4111111511242268,09,2029,764
4242423954711630,12,2031,886
340000932623787,09,2030,4290
370000953188523,12,2032,6914
5301252245275112,12,2033,217
4000001333272896,10,2027,748
4242422685909257,07,2028,905
370000961675743,12,2029,5884
5200820448716348,08,2032,990
340000615937306,01,2031,3402
5105100753613166,05,2032,952
2223003132945271,08,2028,629
370000572187377,07,2027,9105
370000833529011,03,2029,0993
4111112121433032,05,2033,837
5301253172993768,04,2032,839
340000517319199,04,2032,9905
5200829590548482,10,2030,434
340000864330948,03,2029,0592
370000109484693,03,2033,0627
5301256364492309,01,2029,153
4242427315801097,05,2033,469
4012889214362364,03,2030,553
2223004925032657,05,2026,252
5105109751710346,09,2028,690
5301251092444839,07,2026,095
5200821546881919,09,2027,212
4012888593528124,10,2029,149
340000387849697,07,2032,9699
2223005540049869,01,2026,105
5200823599960251,01,2029,556
5301258725568264,04,2032,702
370000243967595,11,2028,6181
5200821131935930,12,2033,257
5200826367331068,04,2031,586
5105106247123910,03,2030,984
4012889338423837,12,2028,801
4000003403149301,10,2026,695
5200829664287835,04,2031,927
4111119951080619,11,2029,761
4000001486332968,10,2032,793
4111116732731973,12,2028,665
4111118840233678,10,2029,471
340000420364910,09,2031,4348
4012885069377101,01,2028,510
4111116600835245,03,2032,428
5105101830683800,01,2029,221
5301255905759630,06,2026,293
370000996040673,07,2027,8456
4000006165203364,08,2029,931
4000006192063617,10,2028,661
4111117655859213,10,2026,322
5301255076440762,02,2026,877
4012884937598121,02,2027,885
5301259227246748,03,2028,796
4242426219513766,08,2026,016
5200824176330934,08,2030,491
5200826447396735,09,2030,112
5301255067551007,07,2032,615
4012886455125286,07,2030,997
4012880268940569,11,2033,509
5200829049132995,04,2031,044
5105109331185340,04,2028,185
5301259405323855,02,2028,720
5105103403969665,01,2029,546
4000003156155703,09,2030,790
340000311847148,04,2030,9448
370000181598949,09,2027,4786
370000419476470,07,2026,0358
2223004754761178,05,2028,964
370000740107265,12,2027,6771
340000240585140,06,2030,0294
370000876717705,08,2027,0012
340000609472021,09,2033,6979
5301254544135575,05,2032,901
2223009549325007,12,2027,154
4111117834207599,03,2027,008
4242421939248330,10,2033,221
4012887523036117,02,2030,281
5301259129378342,09,2026,426
5105100103034493,10,2028,916
340000906889158,02,2029,7705
4242427627703395,08,2028,351
5105109729128183,05,2032,839
4012885638983314,09,2030,067
5200828972749965,06,2030,440
370000970012763,06,2026,3304
4111119962474959,10,2026,822
5105100997381406,02,2029,020
5105102397466035,10,2031,074
4012887794507036,09,2026,489
4111117544844772,05,2033,970
4242429399739870,03,2031,012
370000172341259,06,2028,9653
2223004910996098,09,2028,353
340000823017776,10,2028,5026
4012884144070328,02,2032,547
4111117969191634,04,2029,377
5301259218091194,09,2027,472
4000006831293070,06,2029,902
5200822841049780,11,2033,342
2223005649699440,07,2026,950
4242421743579169,10,2027,504
2223000828810900,10,2026,960
5301258563247658,07,2026,195
4000005640927142,12,2029,182
370000282639493,09,2029,6835
4111119999700343,06,2030,501
5200829937922671,01,2029,061
4012882055825912,03,2033,917
4111116270010798,05,2028,340
5301250353659465,05,2033,533
4111118854724497,02,2027,182
4111111717010063,02,2028,863
4242427002789498,10,2033,413
2223006846782385,11,2028,011
370000031166400,02,2028,0610
4000003391292642,02,2031,159
4242422878322474,03,2032,771
4111117448744557,07,2028,099
4000008409030306,03,2030,513
2223004895834314,08,2029,668
4242427500411140,03,2026,901
4111112750764228,09,2030,988
4242424764478352,08,2030,908
4242428010766965,02,2027,957
5301252008404016,11,2026,512
370000510088463,05,2031,6229
5105103118370514,12,2031,055
4242423476930965,07,2027,764
4242424121582672,07,2028,240
5105109762885699,03,2033,512
5200820919643393,05,2032,387
5200828877063819,07,2031,298
5105106892710110,04,2031,795
2223001654144810,11,2028,332
4242423164441853,04,2028,757
340000868017046,01,2029,0613
5200827214909965,02,2029,091
340000307218338,04,2027,0161
4242429924488704,10,2026,379
370000865055737,01,2032,1098
5301250417517899,09,2031,059
4012882278504146,09,2029,999
5301257940024251,12,2029,616
5200822962998963,07,2033,125
4242423035557036,10,2026,540
5105105448361378,01,2027,059
4012883180372242,09,2033,286
2223008739640506,11,2027,225
4012889625013358,01,2030,859
5301254329709966,11,2032,349
2223000416400866,08,2026,432
4012889778634216,02,2033,920
2223005087432460,03,2027,645
4012881650344857,08,2028,284
2223006065106506,07,2029,404
340000274679926,10,2030,0228
4000000562340069,04,2028,753
5200828818696198,06,2026,800
4111114781126963,07,2032,591
2223006159387350,02,2032,781
4012881928627620,11,2026,032
370000771771492,01,2033,1846
5200821402160309,04,2026,489
5200821586267029,01,2028,087
5301254313513077,04,2026,030
340000444135569,06,2032,1667
5105101974905035,03,2029,277
5200824490844602,07,2026,191
5200820208044345,11,2029,630
5301256956092376,07,2030,298
4000008539588926,10,2027,040
4012883383850648,09,2029,133
340000482704953,08,2031,7488
5200824563880970,01,2031,401
2223005515925457,01,2030,730
370000587162639,10,2026,2814
2223007017462849,04,2031,717
4012881372459637,12,2032,736
5105108038512442,09,2027,712
370000628129811,09,2027,3308
370000552850952,03,2026,0848
5105108789379876,12,2028,430
4111111509379080,02,2032,511
4012886352503957,07,2026,398
4000001900596701,06,2031,645
4111113259694601,12,2027,724
2223002975572309,01,2030,636
5105101705956299,10,2028,600
5200822733022788,02,2031,882
5200822692661790,06,2027,602
5200822394003465,05,2029,185
4012885575373578,09,2033,659
4242422126315601,09,2029,450
340000571279008,02,2030,9267
370000787915406,02,2031,7118
4000008509164153,02,2026,354
4000002744802784,03,2028,083
4000004690050913,11,2028,191
2223006716458629,01,2026,064
5200827190134331,04,2026,487
370000497993511,08,2026,4898
4242420356567909,08,2026,719
370000922174000,06,2031,5012
4012883661540879,10,2028,377
2223001400152208,07,2028,389
370000548471343,09,2030,5205
5105108033517966,04,2028,562
5301259285700222,10,2026,711
5200821294139346,09,2031,514
5105107988715591,10,2027,017
340000302341564,01,2028,5006
5200823779606369,05,2032,800
5200825573190763,01,2030,486
4111119124733318,04,2026,470
5200827472028359,06,2030,110
340000483495205,11,2026,7309
4242423292393372,03,2030,902
340000339962234,11,2026,6554
4012886368620647,03,2030,622
4000004350809608,12,2030,616
370000897512002,03,2029,9352
5301258971642243,09,2031,783
4111110985597538,07,2026,330
4242429888586303,12,2031,535
370000474136167,04,2026,7778
4000002916369851,11,2032,880
4000001522366905,12,2033,992
5301254461615815,08,2030,559
5301251508221045,11,2027,987
4242424417540541,05,2030,132
4012887753484409,05,2033,502
5301252596750655,04,2031,098
4000003168222731,12,2028,897
2223006035152176,12,2032,377
2223009523425856,04,2026,893
4111114791219485,03,2033,227
340000065894197,02,2031,0302
340000150409737,10,2029,8428
5200828495316771,10,2028,916
4242427326952285,12,2027,191
370000423010075,01,2026,4650
2223005951986963,05,2033,498
5105104652737993,01,2031,167
4000001017729104,10,2026,200
4242427153870253,08,2029,073
4111114523142641,03,2031,369
2223007324565276,09,2028,467
2223007929772582,05,2030,272
5301256237844538,10,2033,855
370000378081485,09,2033,4120
2223008070943428,05,2032,513
5301254022375719,01,2033,473
5105100382665496,01,2028,433
370000315763096,01,2031,9787
4000000145119915,08,2031,143
4012881032932767,10,2032,232
4012884786011630,03,2029,848
4242420060164076,07,2027,289
370000950923203,08,2028,2293
4012889286916402,06,2033,166
5301256527835568,02,2027,803
4012887561269083,08,2026,591
4012887372441269,08,2028,998
2223008219050184,11,2032,284
4000001326730421,08,2027,080
4111113260401988,05,2031,901
2223000504586139,02,2031,432
5200826489194329,06,2026,423
340000893494699,05,2027,9178
370000009845456,12,2028,9082
4000007590454119,12,2031,331
370000429863568,11,2026,2380
370000942567621,02,2030,0180
370000368712479,11,2031,9312
4242422312153568,03,2031,487
5301252999022785,02,2033,663
4012883842139286,09,2030,669
5301252591105012,11,2028,908
5301258384698196,06,2033,513
5105101429245391,02,2033,946
340000918343673,01,2031,4329
4242425651017674,10,2028,925
5301256610235189,04,2033,155
2223003554217969,03,2028,920
340000665162268,06,2030,5354
340000486625824,12,2030,9191
5105100026352386,01,2030,358
4000006523255379,06,2030,379
4242428974690490,09,2029,261
370000066993371,04,2033,5325
5200821490751084,07,2032,309
2223003079733268,07,2029,229
370000931392775,06,2032,0262
5301259740597379,05,2029,001
4242428840863032,04,2029,991
5105102871358815,08,2028,844
4111111544681235,11,2032,826
4012888361444579,01,2030,343
4000003796017354,10,2031,363
4000001522092931,10,2029,864
5200823829529611,03,2026,710
5301259436349101,03,2032,129
5105100238950886,01,2029,651
340000900278507,09,2032,0013
370000009601024,11,2030,6890
5200829364487073,03,2033,386
4012882925164872,01,2028,743
4012888966846566,02,2032,562
340000641684146,03,2027,9966
370000797001684,04,2030,9587
4111115829634082,07,2029,296
4111111121792579,06,2033,327
2223006976028732,08,2026,451
2223006880696285,12,2027,428
340000700982035,03,2033,2348
4000009412763164,09,2030,368
5200824017108457,09,2027,609
4111118244007520,05,2033,417
5301259554433430,01,2032,007
5105102448315116,08,2032,459
5105101671455201,02,2032,326
340000724183800,06,2032,1588
5105104727552690,06,2031,461
370000460151147,01,2031,1878
340000509735337,09,2032,4957
5200821389953742,01,2029,437
4000004727673810,07,2027,711
4012885606988501,07,2027,940
4000006615551529,05,2031,149
370000146991775,03,2029,6069
370000221611280,10,2026,1641
370000292287358,01,2028,9398
2223005379758101,12,2029,480
2223000800156769,02,2026,771
5105103410352467,07,2027,644
5105105471033431,11,2032,170
5200825103694961,06,2033,277
4111112323908252,09,2029,692
4111111983850986,08,2027,721
4242420531164820,09,2033,165
370000643871397,10,2033,8431
5200822781597269,03,2027,290
370000874346085,07,2030,8126
370000585977871,10,2032,5918
5200820313952887,12,2032,293
370000756959716,09,2032,0051
5301251905746297,11,2030,934
4012885078108109,01,2029,233
4012886769111352,05,2028,084
340000371372763,08,2032,9702
4000002256221639,08,2027,397
4242421014166670,08,2028,833
5301250585129295,04,2027,410
4012883127305461,07,2031,318
5105105264852708,10,2028,779
5105103874799567,10,2027,351
4012882764354303,04,2029,746
4012881974446891,02,2032,413
4000000741012993,07,2026,456
5200826386853811,05,2029,688
340000372766765,08,2026,1366
4111110140299319,04,2028,747
4000003642839498,06,2026,618
4111117210579454,07,2030,621
2223006253066983,10,2031,708
4242421383763214,07,2026,409
5200827091325046,05,2031,542
340000597241065,11,2030,9187
4111111596206170,05,2033,279
4111111458103515,11,2027,324
340000976329473,09,2027,3052
2223008466438900,12,2032,500
5105106840259780,08,2031,588
5200826592033034,01,2033,546
5301253710633462,03,2030,064
5200822946789033,02,2030,601
4000008803230684,06,2032,536
4012889258882624,05,2031,379
4242423013200591,10,2029,593
4000004159357155,12,2031,727
370000565745025,07,2029,3954
340000012861372,03,2026,2830
370000180015267,02,2027,5689
5105108370093159,10,2032,535
340000913891023,06,2026,8922
4000009021095032,06,2032,590
4012885175326794,06,2027,170
4012887714885884,11,2028,154
5200820967461680,11,2031,584
5200825320452136,11,2031,225
4000001763464401,03,2032,807
340000138428676,05,2031,0788
4012887460252735,05,2032,276
5301256213654943,11,2028,772
340000399889137,01,2027,6476
5301250776792042,02,2032,774
4111113881444193,08,2031,907
4111118183737889,01,2028,981
370000115117618,01,2031,2063
5105101621335032,10,2031,941
5200824578418378,12,2030,115
5200828013476826,08,2033,675
4111113073300252,08,2027,670
4012889670591670,03,2028,854
4000006888402574,03,2031,944
5105100349210196,04,2026,387
4111119326166838,01,2032,668
4000000351248341,09,2030,853
2223001676703254,11,2027,220
2223001890751352,03,2028,516
4012885349483661,06,2032,168
340000481392206,01,2030,4903
340000422810274,09,2032,4447
370000495737746,03,2032,3207
4000006476525539,12,2027,648
4242423130188919,07,2032,209
5105104808046588,12,2030,259
4111116020684496,08,2032,606
4111114412447317,11,2033,339
370000140718430,09,2033,6270
4242423891389326,05,2032,936
4012886878066166,03,2027,413
340000138253280,07,2031,7262
5105101001551133,12,2032,113
5301251476617562,10,2032,236
4012885100324229,04,2030,680
5301257829795781,06,2029,791
4111117680037611,07,2026,718
5105102325537659,01,2027,761
5301259127247481,12,2026,730
340000836121557,07,2031,3439
4000003009386802,02,2030,663
2223000022524489,08,2029,770
4242427630066996,11,2031,539
5200825458583769,02,2030,660
5200826292497398,07,2028,261
370000976055360,11,2027,6253
4000002137155600,12,2033,631
4111112267176759,11,2026,395
370000585620984,04,2033,6806
5105102839485080,04,2029,371
4242422293910051,06,2031,726
5105105751946781,08,2026,370
5200821262979350,08,2031,414
2223006152635235,11,2027,315
4111115747039349,06,2030,338
4111111348427835,02,2030,059
4242426682271066,03,2026,690
4242427574560970,01,2033,115
2223004736149286,09,2028,327
4012887601335837,06,2033,469
340000476279327,06,2031,2431
2223006348924782,06,2028,371
5301253082496787,08,2033,104
5105102662074266,02,2033,742
340000830991948,06,2029,0555
4000005738892208,03,2028,550
5301250874782101,05,2030,270
5301250860901665,02,2028,692
370000234281899,06,2026,0537
5301251244048306,05,2026,366
2223005074726692,06,2032,359
5200825667701350,06,2026,596
4012880559408276,06,2032,098
4000001929376333,11,2029,574
4242421284072251,05,2028,677
4242428895861691,11,2027,086
370000429385711,10,2026,1489
5301254084438454,07,2027,325
5200825392070485,01,2033,861
4111115779807514,03,2030,417
4000003596779369,06,2032,832
5200824463898254,03,2029,879
4111114595949808,02,2033,217
5301252088759453,11,2026,833
5200822237075092,12,2032,541
370000314710551,02,2033,7173
340000505785187,07,2028,0751
4111113393105548,03,2028,350
340000097778566,10,2033,0861
340000855754569,08,2032,5866
5105106915176083,03,2032,563
5105100475270022,12,2026,311
4012881432846930,05,2032,099
5200821933488203,12,2033,400
5105106184087763,01,2027,083
4242428317274259,07,2032,447
4111114789883979,12,2027,505
340000638519362,08,2032,0724
2223002706993691,07,2027,720
340000538514778,11,2032,1114
5301250699760738,01,2028,467
4242421601337460,06,2032,481
4111110845789374,02,2032,893
5105100541143674,04,2029,546
370000669229744,09,2030,9941
4000007219790570,11,2030,414
370000924603212,12,2028,9986
340000793530204,03,2026,0434
340000535711971,06,2029,1546
4000001878113950,08,2029,517
4111115098445236,03,2026,621
5301251984345102,01,2032,819
5105104596347503,01,2028,264
4111119367405939,06,2028,462
4242420185890654,12,2033,392
4111118703549400,06,2031,746
2223002901943855,08,2031,609
4242422448404927,12,2032,259
4000004278755537,04,2028,099
2223001641207019,04,2031,094
4000006319126362,02,2032,514
4111110049986198,03,2030,600
4242425583123897,05,2029,168
5200820278842222,06,2031,897
5105103998144138,02,2033,346
5301257073801012,10,2029,121
4012883102054530,12,2027,941
5105101806511845,03,2032,569
4012889785643655,11,2031,800
370000997983327,01,2027,8778
4111112646037078,11,2026,135
4242429951496190,05,2031,499
370000063562450,04,2031,0268
370000568927141,01,2026,9190
4242424470671928,04,2033,348
2223007091404972,10,2031,520
340000114935843,08,2027,9272
370000955335536,12,2028,7091
2223008830629853,08,2033,794
370000683953535,11,2027,0691
5301255345345735,03,2030,979
370000533077006,03,2030,9963
5301250836761219,10,2031,829
4111116991599178,11,2027,943
4000006734234320,10,2033,280
370000423584418,10,2026,1369
2223000441134829,01,2031,425
4242426859766534,11,2031,830
5301251546704440,10,2028,247
4111119587192424,07,2029,266
4012887341638128,09,2030,406
5105101756836390,08,2031,960
4012882888460861,07,2032,523
5301253502245780,08,2031,555
4012887168327433,06,2027,452
340000359504247,10,2031,4099
5105103087084765,10,2026,247
340000797645198,07,2033,1030
4242421957690066,07,2026,584
340000175493096,02,2027,7746
370000299074940,04,2031,2734
340000125975069,05,2030,8069
370000842933824,06,2031,6396
4000009330152748,06,2026,328
4000006046482211,04,2030,283
4242421930668023,02,2030,347
5301253241578244,05,2031,845
5301255062109439,06,2031,654
340000696332682,10,2029,0649
340000615507091,07,2029,3740
5200820685860205,12,2027,512
4242425012495932,01,2030,428
4000006817230955,04,2033,524
4242422182715561,09,2027,670
370000471343865,06,2030,1998
5105109373650490,08,2030,474
4111111733716990,06,2032,892
5105107630434534,05,2028,339
4242422926787165,06,2032,341
5105101268928230,07,2030,264
5200820447757830,07,2031,690
4242425257913086,07,2026,580
4012880843390355,11,2031,468
5200829207355578,10,2026,509
2223000254276501,09,2027,854
4012886656589835,09,2026,943
2223008142488071,03,2031,917
4111111756546548,03,2026,366
5301257461530082,02,2032,589
5200826781011825,02,2033,207
4000007804570866,05,2031,982
370000692994728,02,2029,4723
5105107468655747,09,2033,393
4000002031199449,10,2031,609
4242427577189595,10,2028,946
4111117102615598,01,2029,446
4012888087552457,03,2033,287
5105102763113070,12,2026,458
5105107674205469,09,2026,962
4111116240944308,03,2031,736
5105106830264444,01,2027,350
4000002551302720,04,2027,633
4242420579328873,06,2032,862
370000725159497,03,2028,8864
2223008367513124,12,2027,203
2223007917301881,10,2031,494
5105109971131752,02,2026,210
340000097784317,08,2028,3527
370000444113858,08,2028,0720
4242422063805390,03,2031,605
4000007727167329,02,2031,907
5105103461823606,03,2031,813
2223000696371159,06,2031,706
5105100995042422,06,2029,395
5105108963787969,03,2027,981
4012884444805779,07,2026,635
5105101316230597,03,2030,484
2223007854961309,04,2028,949
4242426495213362,06,2028,749
4242427805303240,08,2030,493
4000000501369419,12,2029,571
4111117256323106,09,2027,153
370000280952344,01,2030,9324
2223004358934213,10,2028,031
4000000418251734,10,2031,310
5200826280241360,08,2032,640
4000009033232417,05,2032,742
4000002449306636,03,2030,635
370000217348889,04,2031,1733
5105100801760472,04,2030,422
4012882294434658,01,2030,166
2223003773320461,08,2027,435
4012887165190255,09,2030,983
4242425012541545,08,2032,399
4111119641126780,07,2027,018
2223008473504470,05,2031,571
4000007772603491,02,2032,733
2223001997019091,11,2028,333
4000001402468490,03,2031,491
5200827621039232,04,2032,378
4111110569410066,09,2029,385
4242420288346265,08,2030,439
340000642528557,04,2026,3216
5301252486543731,07,2026,339
4000001789529419,04,2028,960
5105100764383817,10,2033,777
4111119235646607,09,2029,764
4111118824160152,06,2029,523
4012883610093897,05,2026,810
4000002018799138,03,2032,368
4111119045714975,08,2033,585
370000667699146,05,2031,4658
5105108463483622,12,2033,183
5200826942696845,05,2030,417
370000329619748,10,2028,0890
5200821672075682,01,2026,521
4242429324484337,01,2032,014
5200824977503804,01,2033,411
4242422328960188,11,2030,502
5301250971584616,06,2026,786
5301253270521958,04,2032,262
340000377506414,05,2028,4734
4242429342569390,04,2033,304
4000009437679106,04,2026,032
4000005875432842,04,2031,873
4111116576592770,04,2030,167
5200821954093767,06,2033,391
5301254589291440,04,2031,906
340000783491615,06,2026,2094
5105106863189252,02,2027,450
5105108981709441,09,2028,428
340000395398356,05,2031,9339
340000631542197,04,2028,2625
2223003859549140,04,2026,316
4000005011251676,06,2028,725
340000852273159,01,2026,3549
4012886935513275,08,2031,307
4242429706567113,11,2032,416
4012883095831860,04,2026,297
370000229053246,02,2028,3433
5200825219714208,06,2029,165
5105105764740403,07,2030,415
5200825070754558,02,2032,250
5301259604390176,10,2026,678
4242428059114804,08,2031,892
5105104863876507,10,2031,573
5105106235574942,03,2028,732
2223002134733131,01,2032,151
4000008781480962,03,2027,315
5301258652952002,12,2029,852
5301252928377623,12,2026,829
340000822672530,09,2031,2190
370000546968647,03,2032,6125
340000742371718,04,2031,6034
4012886044224046,04,2029,964
2223001239531028,04,2033,130
4000002577874785,04,2030,134
5301253397094053,04,2027,705
4111111255982186,05,2033,667
5105101014616022,06,2031,748
4012881976784380,02,2026,373
370000865245650,11,2028,6667
4111112917059413,03,2030,613
5105103605401707,11,2029,552
4242427752413869,12,2032,178
2223007528045752,09,2030,038
4242420274867902,07,2033,457
4242422563639877,12,2026,393
5200820034501765,10,2029,287
4000008809922672,05,2027,618
4000005498460196,07,2028,932
4012883460527713,01,2032,937
4242428209689184,03,2029,229
5301251348766225,10,2026,246
4000005890322648,01,2032,404
4000005531930239,10,2032,784
370000296927132,10,2033,3957
5105101637198937,05,2032,852
5200825047869869,12,2026,264
5200820483312516,05,2030,331
5105100605874321,09,2029,742
5301256970543933,08,2029,144
4012888119204762,04,2033,540
4111116080264262,08,2026,048
4000004214995296,12,2031,005
4242427507792872,01,2031,103
340000238992571,10,2026,8022
4242422270244490,02,2027,883
2223007264965452,01,2032,694
340000456157501,07,2033,5482
4111110269998725,03,2032,736
5105104308215170,04,2026,358
5301251794958847,04,2028,964
5301251601824414,08,2026,108
4012888213527860,06,2031,524
2223006030425775,05,2030,875
4111118368242606,06,2028,101
340000591867295,01,2030,9016
4111117726936735,12,2032,013
4000005202908316,07,2026,534
5105108351343870,09,2033,839
4111111645345433,07,2026,012
340000534344014,10,2027,8008
340000030234115,04,2031,3670
5200827945504788,12,2026,893
4111114550230863,12,2032,054
370000949821179,12,2030,1976
4012884751294930,03,2028,844
4242426810971678,02,2029,784
4000002059823896,01,2030,448
340000922377030,02,2026,5631
4242429534619631,08,2031,998
370000172650196,01,2029,3682
5200827545013446,05,2031,380
4000007774894999,07,2033,763
4242421733761470,06,2032,361
5301254973608407,12,2028,815
2223001823626812,08,2033,624
5105103626840685,11,2032,643
5105105498756089,09,2028,281
4242424625799327,10,2029,404
4000006014918378,08,2027,267
2223003618433974,10,2029,365
340000052744694,08,2027,3479
4111118612909091,11,2030,156
4111112126433029,07,2026,355
2223005068556105,04,2028,702
4111111106629739,06,2026,250
5105105529379190,03,2032,705
4111114331058583,09,2031,636
4111111558421544,07,2032,022
4242420329412563,03,2029,211
5301250661751335,01,2031,303
4242428179837276,04,2033,531
370000828052292,08,2030,9744
2223002124644967,06,2032,439
4111116007675509,05,2031,871
4012883361535823,11,2027,784
4242425084734549,04,2030,149
2223004915014418,01,2026,659
5200826970794108,12,2033,422
370000421511512,09,2030,6140
4000008575922039,06,2031,673
4000007959414415,06,2030,768
4012881043283804,12,2029,314
2223005781063454,09,2026,550
4000002692577420,03,2026,638
5301250131867687,04,2026,975
4000002022827347,11,2028,158
4111114092327094,10,2028,464
2223004007428542,10,2028,646
5301250464170519,09,2027,360
4111110363096947,01,2028,262
4111119339139194,10,2031,571
4000008778627864,08,2030,231
2223001878152433,03,2033,574
4000000909719454,11,2028,770
5200827628589353,09,2026,430
4000002835797786,05,2030,124
4012888345777318,06,2033,082
4111118445735168,01,2032,947
4242421651139436,04,2026,500
4242423885846208,05,2031,002
5301255776599230,09,2026,714
340000648911955,08,2029,4178
5200823209410747,03,2033,161
5200828248234057,08,2033,949
370000214037683,06,2027,1254
4242428528110334,09,2032,328
4111114928315198,06,2031,015
5200826210167800,01,2033,476
4111115524607268,08,2027,591
4111116452407051,05,2030,868
340000316192151,05,2032,5865
5301251416429417,10,2033,915
340000500860894,08,2032,1345
2223005391313190,04,2028,339
370000759838644,01,2028,3415
5200829823788863,06,2033,166
5200822297690962,10,2030,278
4000009966949904,01,2027,923
4111114631833891,02,2027,880
4242426409154546,06,2028,619
2223006332964497,07,2031,994
4000008121400431,06,2032,768
5301257415331223,01,2028,480
5301255968046396,02,2029,309
4000004525339028,07,2029,848
4111114557099063,10,2033,457
4111113445769259,06,2033,191
340000649697884,04,2026,3785
370000066554231,02,2029,1311
5200820372802403,11,2027,367
5200824662351006,12,2031,098
5301258352422025,12,2029,704
4000005778853359,12,2032,100
4111115641701259,06,2033,884
4012887703540763,09,2031,876
4242428018286453,01,2033,686
4111117940157159,06,2029,264
340000542368310,03,2031,5922
340000235295374,09,2031,5876
4111110175449433,01,2028,062
2223007388623250,09,2031,601
4012880141976715,06,2030,418
4012885772811289,05,2032,643
5301258631092607,02,2030,379
2223008033767815,12,2028,946
5105102779921441,09,2027,013
4242425373656619,06,2029,534
5200821929169551,07,2026,454
340000885481365,12,2031,0231
5301258859728262,08,2030,814
5105104356825771,03,2031,501
4111115810987077,11,2032,444
340000501712714,08,2030,6850
5105109234752535,10,2026,127
5301255495683588,01,2026,625
4111117206173494,02,2033,541
370000016348429,06,2032,3104
370000424932525,01,2033,4895
2223006495857751,11,2031,561
5105107490081698,07,2032,030
5200827265113376,03,2033,377
4000001536541907,04,2031,791
5301255395989580,07,2026,311
4111116010258848,06,2029,421
5200820407450178,06,2026,389
4000003679898615,01,2033,536
340000715537485,09,2028,9255
5301257259429000,09,2029,543
340000004460647,12,2032,3983
2223002655385683,12,2028,304
340000136129516,12,2033,8153
370000282001041,10,2029,3844
4000008285301490,06,2033,475
5301256215976989,08,2027,118
5301255543115336,02,2028,421
5301254107487751,11,2030,362
4000007173987436,11,2031,179
4111116197008230,09,2033,019
2223006594375770,07,2028,553
5105101169790341,12,2030,675
4000005357044057,12,2028,631
5301251686547633,05,2027,801
4000009726568085,04,2029,479
5200824548247659,05,2028,949
5200829323318732,12,2029,827
4012883379207365,02,2033,207
4012880008098827,04,2026,132
4012883521434917,03,2029,568
4111116019146648,09,2027,006
4242426036427349,04,2029,461
5105104965964482,07,2027,496
4000007368993850,03,2027,375
5301258484459184,12,2028,621
5200823657611861,06,2033,511
5301253317214658,09,2027,335
370000893266215,08,2029,6235
5301256434522127,03,2029,717
5105102651857077,08,2033,958
5200823711769879,05,2030,328
5200823913698991,06,2033,777
2223004606568045,05,2027,139
5105104090662399,08,2028,687
4111114323887502,02,2030,290
4000007513657210,05,2027,923
5301251035812167,02,2026,080
4242426551540245,01,2031,496
2223000175595401,08,2032,496
4000006613987774,02,2031,565
4012886255496093,01,2030,119
5105101446675158,11,2033,865
4012884066275988,04,2027,799
4111110139577675,12,2033,531
340000387204042,01,2027,4767
4111114235800395,06,2026,850
5200829894407872,08,2027,325
2223006273961866,09,2032,006
370000810097750,04,2027,7912
370000458680008,09,2030,5312
340000144047890,05,2027,9110
340000099691312,08,2032,6649
5200822733401917,05,2028,934
4111117998108559,09,2032,397
5105102935046059,01,2029,671
5200824616929345,10,2032,806
4000002383046347,05,2031,858
5200824276190014,11,2031,906
5105107206460319,10,2030,585
340000829835163,07,2031,8850
4000006362315748,06,2033,159
4111116466497155,10,2033,515
2223002455540339,11,2033,466
2223004773051361,06,2033,965
5105103333375975,01,2031,861
4111116397681281,04,2028,295
4242420147034896,11,2026,062
5105108343093930,07,2032,320
340000124488395,08,2032,7858
340000172849779,09,2030,5658
4000000814555134,04,2028,463
4000008394349711,10,2032,103
370000986208199,07,2027,2368
4111119550526095,06,2032,128
4111110997400341,10,2030,046
4012882445292385,05,2026,821
5105109642209078,05,2032,043
340000438625492,02,2027,5260
5301259433152755,07,2027,759
5301257827465718,09,2026,752
5200827565795856,02,2027,419
5105100949979133,01,2031,020
370000222263008,11,2029,6157
4242429717251756,03,2029,448
370000698337302,05,2031,6083
5105108004763565,07,2026,351
4012880460884037,04,2026,194
5200824446036097,01,2029,996
370000700746771,08,2028,6931
340000487914367,08,2033,9644
2223009463897346,12,2030,357
5301251816170892,08,2028,301
4000008562731781,05,2029,885
340000537849621,01,2027,2803
370000417114594,08,2030,8029
4111113554776814,02,2033,234
4111117262287253,04,2031,637
370000043359274,11,2031,9193
340000095876198,11,2032,5296
370000617620770,11,2027,4134
2223001720508121,09,2028,227
5200820166461085,12,2031,852
4000006754873056,03,2031,360
4242422101812465,10,2031,331
340000873243025,12,2031,1335
5105106577057282,04,2030,222
4000007198321223,08,2032,747
2223008144604915,04,2032,211
4111115460949328,05,2032,126
370000229332251,12,2031,3921
370000664860261,01,2028,0442
2223003933484041,10,2028,082
340000652573113,10,2027,3010
4000004374480154,04,2031,417
340000517243498,07,2030,4379
370000732354750,11,2028,8082
5105102238363243,09,2029,759
4242427662901631,01,2033,574
370000716514254,06,2029,4036
4012882703191485,09,2033,110
2223001845187975,01,2033,222
2223000123494178,05,2026,648
5105102415427928,01,2027,094
5105102344727893,08,2031,611
4012883823874778,10,2032,573
5200826118538946,10,2033,128
5105107392817298,11,2029,847
4000002488207554,03,2030,854
340000429441321,09,2032,1371
4111113318947727,09,2033,894
5105108712372519,07,2028,998
4111116785908775,07,2030,572
4012880053205939,01,2032,451
340000078344693,01,2027,8635
5200826741770429,01,2032,922
4111118914113780,12,2032,543
370000562029381,12,2028,5945
5200829875085515,08,2027,185
4111114334731384,01,2028,070
5105107789144553,03,2033,315
4242424524170620,05,2032,891
4242422438950111,08,2027,224
5301254274924065,12,2027,019
4242420251952909,12,2028,502
2223003654377952,11,2033,162
340000592767825,10,2030,1314
340000835378893,09,2032,7316
2223000509253255,05,2030,679
4111113318822920,04,2029,830
4111114442323546,02,2026,163
5200825071656893,01,2033,586
370000614398933,05,2032,3805
4242427063510148,10,2032,449
340000103522263,04,2028,0639
4012882294065817,05,2026,415
2223007513205551,07,2026,784
5200824357438951,08,2033,772
2223007638128605,09,2032,534
4000004409782459,05,2030,637
5105107787872965,08,2029,819
5105100233144147,12,2032,073
4111119802529715,10,2033,698
5200823752089070,10,2026,003
4242422868109865,04,2028,596
340000781428080,01,2028,3574
5105100886751198,06,2027,055
4012882482166815,02,2028,007
370000738324815,04,2026,3697
4242425034314327,03,2032,909
5301255708755595,09,2027,944
4242423830643882,01,2029,570
4000005816679667,09,2029,552
340000262041147,10,2031,1246
5301258190229590,03,2028,125
2223001335591066,09,2026,039
5200822826817680,11,2026,856
370000203813896,05,2031,0980
340000140514968,01,2029,4975
4242424397299522,10,2030,022
5105104617275287,05,2033,007
4111111393679322,11,2033,380
370000593308358,12,2029,2867
2223007649056407,09,2032,421
5200829423853380,08,2030,401
5301255302995191,12,2028,611
4000004194145573,04,2032,104
4000002603080019,07,2032,839
5200823041077027,10,2027,710
5301257558761723,12,2028,455
2223001501774686,06,2032,531
4000008959282547,01,2033,165
4242425044602836,05,2033,050
4111111570384522,07,2031,326
340000306110338,11,2031,8284
340000153875546,07,2032,8778
4012883677922525,09,2032,259
2223003567261723,04,2032,803
2223003463661190,05,2033,845
5105100745220294,05,2032,090
4242428942235964,05,2027,460
4012882534184188,12,2028,466
5200820105805061,12,2029,276
370000149922330,11,2026,3317
4111114613258950,09,2028,430
4012884330165874,11,2028,172
340000136442562,03,2028,0427
370000053959435,06,2033,9008
370000265228462,11,2028,2407
2223005002706204,11,2029,327
2223002104975878,07,2029,555
4111116787448929,09,2029,701
2223002796389669,01,2029,207
4242424536484605,06,2026,602
340000648067394,09,2027,4319
4242424568951778,07,2033,970
370000112379849,07,2026,8190
4012884268140782,03,2026,421
2223005727052504,07,2029,596
4242421288769951,09,2029,285
340000705301918,10,2032,4400
4000004805858952,01,2032,180
4111117558971115,02,2032,089
340000586103680,05,2030,9192
4012884990640695,03,2030,696
340000963774012,02,2029,7164
4012889302633924,10,2029,453
4000002091634780,09,2031,631
4111116952284216,03,2027,822
4012884690042580,03,2026,673
4242426162001777,04,2026,952
5105105157268525,01,2031,905
2223005006612655,08,2026,783
2223000889219348,12,2031,209
5105102101052659,03,2030,864
4000009338706693,09,2026,286
370000971820644,02,2029,8911
4242428743085402,11,2026,729
340000979453387,08,2031,5813
4012883649633473,08,2027,928
5200828837913608,07,2026,868
5301258360412463,07,2030,289
4000003111071862,05,2029,185
370000081273353,01,2029,6374
4000007705576731,09,2026,164
5200826183065528,01,2033,791
2223007756027506,11,2031,987
5200829095219209,06,2031,071
4000008689214042,10,2031,705
340000339941329,06,2033,6368
5301250676596436,12,2027,507
340000703545508,12,2032,3628
5301252393539343,03,2028,960
5200825497440104,10,2029,497
5105109418668044,06,2030,080
5200824860742584,06,2027,979
5301259315268471,03,2032,931
4000006071095706,05,2026,256
5200825529084854,09,2030,803
5200827494855656,04,2026,519
4000008183826739,05,2033,418
4242425150017530,12,2029,479
5200823697054940,08,2028,591
4000001867869794,07,2030,841
370000980826350,06,2033,9025
4242423906102060,01,2031,891
2223006038598375,12,2031,514
5200827213942645,12,2026,476
5200823634623336,08,2027,789
2223002167665457,10,2029,076
4012888834424380,03,2033,063
5105101356449974,02,2031,697
4111112753327346,09,2027,662
5301253824474688,01,2029,639
5105101765248371,07,2027,589
4242423645352190,06,2030,928
5301253647506518,02,2030,370
340000278415251,09,2028,5663
4111111575904571,11,2031,249
5105106489863041,04,2026,972
4111116740290616,06,2027,959
4242422613917273,09,2031,563
4000009581081109,04,2027,384
4111110550901560,06,2029,954
340000127407095,01,2031,9735
5301252072614300,03,2033,514
5301253423210293,04,2031,455
5301258175422418,03,2029,906
4111117092451574,03,2027,204
4242424332833328,04,2026,009
5105101515415619,10,2033,554
4242428725959525,01,2033,394
5301253410995328,07,2033,056
5200827803680266,01,2030,635
4000006342359790,04,2033,425
5200823821289131,07,2029,612
4000004349206874,04,2030,280
4000007125595170,02,2031,324
5301254540929211,04,2030,623
4012884581252157,02,2027,428
4000007781204299,04,2030,569
4111112977141135,03,2033,556
340000347259300,10,2033,4245
5301256451533403,12,2031,111
5301250220421933,11,2026,790
5200828818280415,05,2028,986
370000883167316,08,2029,4681
370000876680937,09,2030,0183
370000721588913,04,2028,1509
4012887196434870,09,2031,609
4242424480884883,06,2029,900
4111118843831460,05,2031,572
5301256370017694,11,2027,777
4242427062099812,08,2028,012
4111117507959278,06,2029,811
340000338178840,02,2030,5493
5301251799099118,06,2029,305
5200820349514131,04,2030,307
4012883098347054,07,2031,013
340000801130633,12,2033,1018
5200822696576648,04,2028,350
4111116549417337,04,2030,400
340000132054734,02,2031,8183
4242426498749735,03,2033,390
2223003627337877,03,2028,725
5200821195248071,01,2028,370
2223001252102939,12,2029,286
4111117238276539,02,2030,820
2223003636870306,07,2032,260
340000644827973,08,2031,7714
4000007841276725,07,2033,796
5105105253830376,06,2028,377
4242423593549961,04,2032,086
4111117304926249,10,2029,772
4000005400345220,03,2026,801
340000552535295,08,2029,4273
4000003862191398,01,2027,055
340000147087208,11,2033,9918
5105101991519876,03,2030,483
4111113920139317,08,2028,646
370000544261383,05,2032,3170
4242425853588019,03,2029,999
4000000015055066,07,2029,056
5105102128733190,10,2026,484
4000008149640232,04,2030,814
370000885794521,09,2029,1677
340000603125666,12,2026,2344
340000872606651,08,2026,6591
4012886141690743,06,2028,853
4242426718642934,08,2027,721
4242422004119455,07,2029,681
5105107476464546,04,2031,572
4242423934510961,04,2027,676
4012881744502387,05,2032,516
340000958000696,08,2028,9318
5105108726185253,12,2031,604
370000660916406,12,2031,2585
5301251468537224,06,2028,864
5200823997881018,07,2027,302
5301254441802095,08,2026,919
5301255246487396,12,2026,399
2223008936639715,04,2029,801
4000008877551478,11,2033,372
5105100394280805,03,2030,731
4000009823563591,10,2033,549
2223007919786725,12,2033,103
4000009811386633,12,2026,633
5301256152931377,02,2032,678
4000006429126195,10,2027,335
5200826601897429,03,2033,968
4000000147969937,12,2033,889
370000229029824,02,2028,2718
4242429658839445,10,2030,079
4111110878187371,06,2027,016
4000003449364278,09,2031,924
4242421539956688,07,2032,374
4000005301636933,11,2033,154
4111113889498456,10,2028,640
5301252984686107,08,2030,591
4012884998257617,08,2027,264
340000839652186,03,2032,8890
5105107757053463,02,2033,881
5301254533673743,06,2029,645
5301256554435449,06,2026,579
4000001065450421,03,2026,984
340000217835650,06,2026,9775
370000450474244,01,2031,9008
4012887057313742,10,2028,376
5301251315963334,10,2029,843
370000328591641,09,2029,2037
5105107860678883,01,2028,857
4012885334355783,06,2026,023
5105106448362556,04,2026,254
5200823156093819,02,2029,693
5200824856568753,05,2026,944
4242421915108508,09,2032,790
4242422777912508,10,2033,028
4012881184097872,10,2027,380
4111118230440321,08,2033,069
4000009429241139,06,2031,928
340000625440838,03,2030,2370
340000783138661,08,2028,9004
370000791086327,08,2032,5379
4111115748582412,02,2026,118
5200829207891721,01,2030,101
340000073146838,08,2026,3147
340000957880957,03,2031,1799
4012886668958101,09,2031,794
5105106677446278,02,2026,406
2223007648714550,08,2027,571
4242426635900845,06,2027,352
340000241722452,10,2029,1501
4000002427499031,09,2029,386
370000865765921,01,2032,6121
4242424348572563,04,2031,019
340000762967247,04,2027,3111
5301254828712230,06,2033,116
370000011462035,01,2026,3545
340000557973186,08,2031,3590
340000720990364,10,2026,4779
4242422801307907,05,2028,251
5301256809062659,07,2026,074
4242424513453359,06,2031,064
5301253823297205,12,2033,993
370000108608938,10,2026,7803
5105100884717795,12,2033,888
5105100602283336,11,2027,412
340000097572910,01,2030,5401
4000003162121012,02,2032,812
370000734913967,05,2030,3051
340000780415252,09,2030,9762
5200820311510372,10,2031,801
5105109203910072,09,2026,404
4012886570494682,01,2028,596
4012880751602981,07,2031,913
4000007100934360,08,2026,079
370000631811678,10,2033,0298
5200823458556034,02,2030,769
4012880313288840,03,2029,232
4111116554023541,01,2026,681
5105106754352696,05,2028,562
4000006148070559,12,2032,904
4111117057665663,01,2028,369
370000897149383,09,2033,6371
5301257074331183,10,2032,545
370000714255587,05,2029,0737
5105101079881446,04,2030,094
340000856688998,03,2027,4893
4242424296839907,10,2031,386
4242424668243787,09,2033,279
4000005019094268,04,2032,457
4000006937388881,03,2030,015
4111110521960109,05,2026,654
5105107989676560,05,2033,206
5200824534012786,09,2032,059
370000636121545,03,2026,0805
5200829093019825,02,2030,273
340000853045812,10,2029,5679
2223005363036415,05,2027,291
370000889545440,02,2031,9170
4012888827930633,08,2027,605
370000595272032,04,2033,3562
5301251614710154,02,2027,692
340000329782634,08,2026,2733
4111113468690358,04,2031,728
5301254284151378,12,2026,087
4111111629178214,05,2029,816
4242421224176535,01,2026,604
4111118338763517,10,2026,501
2223002886503179,07,2032,437
5200826403885648,05,2028,866
5301252858526603,02,2032,989
4000004861577892,10,2033,379
5105100947133873,12,2026,110
5105104275440447,04,2032,995
4242421884249382,06,2026,090
370000096816329,10,2029,1751
4242425612567221,11,2032,553
5301258198679960,04,2029,476
2223008401929138,03,2028,258
4000004854237298,09,2030,600
4242421290274685,02,2033,336
4000007431738597,05,2028,247
4111118691697807,09,2029,541
5301250887270003,11,2031,891
4242423991558044,10,2033,705
4000007061812852,05,2029,351
5105101698459178,03,2026,345
4111112684450662,03,2026,505
5105103249917399,08,2028,090
4242425606092053,02,2027,677
4012883370781202,07,2026,537
4000008048518604,07,2029,020
5301257016677321,08,2027,218
340000986018157,01,2032,5940
5105106060670302,10,2030,359
5301253710167966,03,2033,124
4012881256860850,03,2033,565
4111111286182814,09,2029,457
340000749142088,06,2032,9003
5301256649189415,08,2032,181
5301257222213986,03,2031,431
4012888874936111,10,2032,890
4111117273849604,08,2029,939
4242423585600269,12,2027,141
5301255527445998,04,2026,484
5105108110976499,05,2027,997
5105103896920597,03,2030,339
4012889239833571,05,2033,149
4000006521986256,02,2032,283
5105106317250791,06,2027,062
340000587769786,12,2026,5835
370000416894592,04,2031,3567
4111114476680118,08,2026,146
5105109801959059,02,2026,452
340000124289645,10,2029,0279
5105106822325310,10,2029,639
4000004841006228,08,2031,742
4000001796511905,11,2030,014
5200825294895500,02,2029,535
2223003784786031,03,2033,231
4111113682248082,10,2033,596
5200824407964519,10,2026,634
2223001569232023,08,2028,466
4242427005982421,10,2029,633
5105102525356033,02,2029,482
5200828625308326,02,2032,232
4000004699579227,10,2030,655
340000342127585,12,2032,7928
4111119657084998,12,2032,200
4012881584367149,02,2028,687
4242428601371803,03,2029,375
5301259027791257,06,2026,440
4012881863772449,05,2027,901
370000776437727,06,2029,4625
2223002342391821,10,2030,604
4242420335486320,08,2026,437
4111113881804636,01,2033,022
2223008389194002,05,2031,334
4012884710395976,09,2032,389
4242423837989874,02,2026,520
2223009823873672,11,2027,757
5200825791051565,02,2029,602
340000188327893,04,2029,0322
4111110800183647,03,2032,504
370000986568659,02,2029,0999
5105107377805466,11,2027,586
4000006982768227,09,2027,624
5301251823580828,10,2032,875
5105109573383132,01,2033,937
4242428404363395,05,2029,726
5105100777881435,04,2032,767
4012882084013670,01,2031,731
2223005049519842,11,2030,928
4242424036364349,02,2031,461
5200828349939281,12,2029,337
370000089571345,05,2028,2574
5301251149574935,08,2033,854
4242426581400964,03,2027,166
4000008325437312,11,2026,015
4012884509616681,08,2030,411
4012889192432718,03,2029,118
2223006101252215,05,2026,222
340000327975255,03,2032,8500
2223008674014808,12,2027,441
5301253603896572,05,2026,581
4012881754816248,06,2026,941
5301258686857888,10,2032,686
5301250048026724,01,2029,083
370000294351079,11,2030,3411
2223008551437338,10,2030,685
5200829167269330,11,2032,002
2223008337946750,12,2029,250
5301252814815470,09,2032,241
4242427423599385,12,2029,779
4242422937385611,01,2028,864
340000847083564,09,2026,8961
4012880184462250,10,2027,057
2223007544839055,09,2026,328
4012888553778784,08,2032,724
5301254881994337,03,2031,589
5105107707821613,11,2029,436
4012889193348939,03,2030,650
4000009621992760,03,2032,198
370000574721447,03,2028,4628
340000712862134,05,2033,8280
4111115576965473,01,2028,308
4111110910612030,12,2028,208
5301255095559410,09,2032,251
5301258436524994,07,2031,281
5200827950505126,11,2032,725
2223003362733330,03,2028,956
370000002417212,02,2032,8653
4012882642158959,02,2031,736
4000002757789928,12,2026,841
2223003588766551,03,2027,820
5200829927607647,01,2028,826
2223009279659948,05,2030,211
5301250477769752,07,2030,455
5105108133081046,02,2032,651
5301254815683493,08,2027,446
4000000982999262,05,2030,555
2223002176653577,12,2027,703
4012889702688072,04,2026,555
4000005865100078,09,2026,275
4012888512650694,03,2032,232
5301257905861713,10,2027,965
4012883743043934,07,2027,573
4111114781626228,08,2030,564
4012882482122610,06,2028,866
4000005731018546,05,2032,330
4111117112916267,01,2032,641
370000827902570,02,2027,4036
4111116691382131,10,2033,282
340000376744883,09,2032,7935
2223008650665532,07,2026,539
5200820136911763,01,2027,520
370000128788405,12,2032,7542
340000034801067,06,2027,9588
340000632762794,07,2030,0531
340000330843342,07,2033,2055
2223004389239582,06,2026,788
5105106955887714,05,2032,008
2223002848843176,11,2032,931
5301258874253254,09,2027,244
5200820911226973,08,2032,628
5301251375544339,03,2026,994
2223002002088212,08,2026,583
5200829188956972,07,2027,267
2223005243410657,11,2030,755
4111118999583501,03,2029,632
2223000725365834,06,2028,506
4242428649418350,07,2029,091
4242425862012324,06,2027,843
5301258723572896,03,2031,697
4012884705136781,12,2031,832
4012883547475084,01,2030,793
4000009504854087,08,2029,571
5105108037389750,11,2029,241
4000004629776760,09,2029,902
340000002579539,05,2028,3632
5301253965892524,11,2031,137
370000822543387,05,2029,1935
4000005574454493,11,2031,448
4000009162930872,04,2030,061
5200824708234042,09,2029,787
4111112385553715,02,2029,949
4242426077947148,06,2027,912
5200823207267313,04,2033,570
5200828791143887,06,2033,320
4012889005129667,01,2032,160
5200822480613243,04,2030,685
4242425055393879,04,2028,085
4242421166500593,05,2028,411
2223002740236891,05,2032,658
5105102060445993,04,2030,284
4111112240521634,02,2029,674
4111112560021405,01,2031,773
4242422731950958,01,2030,178
2223001334427965,03,2033,221
2223003518402244,07,2030,962
340000111478607,07,2032,9267
5200825016777887,04,2033,352
5301256413551212,05,2028,599
5200823919227472,03,2032,425
4000005887881432,11,2028,641
4012887803720067,02,2030,892
340000912357570,06,2027,5726
5200821290140165,06,2026,535
370000203317203,12,2027,9868
5200829034687565,06,2031,626
340000621848851,04,2026,6535
4242428650705455,04,2031,080
5301251441441320,04,2033,092
370000943811721,02,2027,6266
4242421788135745,11,2029,875
2223000856190175,03,2026,911
4242420695381236,05,2032,696
5301258825133407,04,2027,577
370000655782094,08,2029,0418
5105108273541171,03,2029,166
4111117633238159,05,2031,404
4242425361544728,09,2031,112
370000923666269,10,2027,8643
4012881332710129,11,2032,681
4111114107623271,09,2026,825
2223002915791357,05,2029,501
4242429528309777,03,2031,713
5301257016717150,01,2028,890
5301259523937305,02,2029,802
340000320633307,02,2031,7684
370000187284049,02,2028,9097
4012888016059327,03,2029,598
4000007345082496,10,2033,692
4111115108045935,10,2033,349
4111112356975061,03,2032,237
5301257149745029,12,2028,256
370000331510869,09,2032,4369
4012887677706952,09,2033,189
340000940068231,10,2028,2355
5200827759400818,07,2033,569
4012882437341422,11,2029,527
370000734585302,10,2027,2099
4242423102031394,07,2029,627
5200824481907574,04,2030,801
5105108076403009,12,2028,361
4012881527473103,09,2027,047
4111111921831619,08,2029,311
340000915618085,08,2030,6122
5105101763928313,02,2029,793
4111116174142390,08,2026,223
5200824837651868,10,2026,398
4000002856873953,01,2033,094
4012880257570211,06,2029,368
5200821308804703,02,2033,608
340000160906482,09,2032,9630
5301256462695167,02,2032,063
4012886650727704,10,2032,065
4000003340101423,06,2031,245
4111110929027915,03,2031,616
4012880022313012,04,2031,087
5301257569259782,09,2029,260
4000009341557372,02,2029,596
340000027455574,12,2027,5353
4012881376774346,08,2032,044
340000956061393,11,2033,0302
5301258364387612,07,2031,561
4000002134219029,10,2032,812
4012883901660420,07,2026,227
5105104987902791,05,2031,708
5301258494649576,10,2028,192
4242422881372631,04,2028,437
4012880864668481,06,2033,492
4242429964975339,03,2026,471
5105101879220233,12,2028,404
370000266045634,05,2033,1405
4012882915811219,01,2033,404
5301257063594585,12,2029,756
5105107124787793,03,2027,918
340000906933725,08,2029,8308
5200821654515200,09,2031,571
2223000330270700,05,2029,835
4012880782459138,07,2029,581
4111117105588743,07,2028,520
4242422363838554,06,2031,158
4111115318017922,03,2028,025
370000695915373,07,2033,6294
5105109221902333,05,2028,328
340000690415459,04,2026,6256
5105107143845457,02,2026,925
5301254879228201,02,2031,781
4012881080999056,07,2029,221
5105104011672238,09,2027,040
5200826163429686,11,2033,200
4000005629866915,02,2027,526
5105108029354135,10,2033,183
4012889527088821,01,2033,574
4000004448762165,06,2028,006
4012884445356525,08,2029,115
5200823266375197,11,2033,547
5105103993386320,02,2029,640
4242424202322253,06,2028,413
4012887327639405,06,2028,872
370000575818911,01,2032,6879
4012887119905063,11,2027,010
4242427873892488,12,2033,373
4242428477145794,05,2028,710
5200827358333717,09,2029,424
4012884906506410,10,2029,668
4000006805539631,02,2033,651
5200823326052323,11,2030,932
4111112446726060,02,2033,261
5105106784670679,03,2030,987
2223000199297703,11,2030,702
4242424133167520,08,2026,267
4012886634471387,04,2033,016
2223001544853133,01,2026,022
4111118574175046,07,2030,568
2223000650908061,06,2031,561
5301259869584711,07,2029,483
4242422741205476,05,2032,550
370000200717306,05,2033,6151
5200823133364788,02,2033,866
4242421586538645,08,2029,248
5200828973101422,02,2027,127
5200829209603637,04,2027,866
4111112639660845,08,2031,885
4000004785167754,10,2031,731
5200824840268338,03,2031,597
340000188600992,02,2027,2976
5105109958322721,05,2026,007
2223002164077631,02,2027,405
340000594751744,06,2030,5708
2223000606223698,06,2027,279
4111112104680419,03,2027,674
5301258199648105,10,2027,608
5105107099170868,08,2033,091
5105104386092889,01,2031,333
5301255551363364,10,2027,445
4012888639462312,06,2029,946
370000073547400,05,2030,0951
4000009559670461,10,2032,655
2223005853563860,05,2028,595
4000003580949671,01,2031,655
4000002774502072,07,2026,104
340000734761363,08,2029,8900
4000002142056306,10,2030,285
370000875333462,04,2033,7911
340000781046486,12,2027,1187
4242423923485415,12,2028,049
5301257638354754,04,2027,971
5200827826032123,06,2030,380
5200821936047584,03,2027,300
5200827908914941,02,2027,167
4242423888397779,08,2027,329
4000004074400817,11,2032,317
5301255380857214,04,2031,321
5301258950677632,04,2027,433
4000000900493257,06,2033,899
340000770611878,08,2030,1985
370000913743466,07,2028,7659
5301256843774467,04,2030,219
2223001914792358,07,2031,000
5200825310213100,07,2031,807
4000004859054557,08,2031,732
4242423122047628,01,2033,376
5105104561313944,10,2030,127
5301254405090687,02,2026,212
4000000728859390,05,2032,747
370000117254393,10,2032,7964
5200821334386949,01,2033,969
4000000338892500,02,2028,634
4111118663485728,01,2032,565
4000001683279400,05,2033,206
4242429605571562,10,2028,127
2223004017739243,05,2029,746
370000789369537,03,2030,3093
4012882782552979,02,2026,684
5301254523154878,05,2030,459
4000004373572985,05,2032,816
4000001336075874,03,2032,786
340000409538922,03,2031,5051
2223005243116452,02,2026,268
5301251628409587,04,2032,910
2223008295150684,02,2029,251
370000744790595,03,2032,0379
2223005078410780,05,2030,482
4012881869323890,05,2030,808
4242422342904139,04,2030,513
2223008565239530,01,2029,308
370000537056899,06,2031,8839
2223005932847532,07,2032,722
4242425103848536,07,2030,997
4000006888615266,05,2031,948
4000001229851993,09,2027,787
2223001541656448,06,2026,410
5105109786291916,05,2029,766
4242420273650861,08,2027,957
4242420863709655,07,2028,168
4242428986620105,05,2028,425
5105104514684953,01,2028,069
5301259419940496,07,2032,871
340000748289765,08,2030,7357
4000007251502255,07,2031,625
5105103729078258,04,2031,844
4242422334554405,09,2030,435
5200826342004376,03,2031,541
370000982008361,05,2028,4930
2223000118002036,09,2029,678
4000009011589184,09,2026,157
5200822434698258,12,2033,146
2223004397108431,04,2030,947
340000513737139,11,2029,9028
5301250836428256,11,2029,301
2223000163624999,07,2031,613
4012880996779982,05,2031,025
5105103760357660,09,2026,088
4000005919634262,12,2028,053
5105106117273258,06,2032,109
4012881581800266,11,2026,109
4012881885434200,08,2033,560
4012885199798960,07,2028,399
4012880129864453,08,2029,477
4012886027688647,11,2029,408
4012885730506823,01,2029,851
4000002403955659,10,2026,616
4000009044009291,10,2031,226
5200829714705109,01,2032,646
340000063086572,10,2027,8670
4111119269814998,10,2028,960
4000000261083648,07,2033,813
5301254133680205,06,2028,745
5301251297351961,01,2029,695
4012884230668928,09,2033,936
4242423192967770,09,2027,409
5200828102345494,08,2031,320
4000003396203164,11,2032,239
4111113495295296,02,2032,535
5301250918492238,09,2030,176
5301257519708102,03,2027,927
2223009348528959,02,2029,368
4242427273784558,06,2033,055
5105107017665262,02,2030,511
370000386881660,04,2032,2827
4111113421049239,11,2031,179
4000006294191936,06,2030,991
5200822544014479,03,2028,674
4000006932913634,05,2033,912
5301259988153257,04,2033,656
4012880243415117,06,2032,298
4111112607740504,01,2033,268
4242428065928437,06,2026,472
5200826701819976,04,2029,032
5105103356436340,03,2028,670
4000009573770867,04,2027,385
4012889910537368,05,2027,603
4111117949588941,08,2032,229
370000851506883,02,2029,2685
5200820147370504,05,2033,096
5200828832016662,12,2029,375
4012884624095258,07,2026,855
340000120326565,05,2026,9092
5301257318491470,01,2026,912
4242428319650720,02,2030,355
340000606760436,01,2026,0605
4242420454049289,05,2033,962
4000000766421574,12,2029,114
340000309360724,05,2032,1764
4111117261474506,11,2028,799
4242429961365351,08,2026,260
5200825219856645,04,2031,011
4242429686988545,08,2028,791
4000000810320335,07,2028,033
4000008874125151,06,2029,091
5105103764884214,09,2029,479
2223004800139361,02,2029,808
4012884673992926,08,2026,133
4242423159759871,11,2028,590
2223009119532776,03,2033,506
340000393709901,01,2028,4296
4012884429598860,12,2027,130
4242428072554127,06,2028,552
4242428676925327,07,2033,333
370000991275597,09,2030,1545
4000009702878201,01,2029,052
2223009907135477,04,2030,825
5200823665270288,10,2030,879
340000787899540,02,2029,9262
4012888410311639,12,2032,127
2223001817013274,10,2033,602
2223007913770865,10,2026,588
4242421886285814,12,2029,332
5105107293485112,11,2033,924
4242427181731618,12,2032,696
4012887024352161,02,2031,087
5301255024490877,01,2028,329
4012885091280646,05,2033,575
5200829643871485,09,2026,214
5200821168295067,10,2033,567
4012880555223729,01,2032,164
5301256966284062,07,2033,233
370000969968116,11,2033,2478
5105106200976494,01,2032,013
5301250827873346,11,2033,394
5105101745849108,06,2028,531
5200827123065289,01,2030,627
5105105316863877,02,2030,742
4000002167706868,08,2029,035
5301251085754798,09,2026,673
340000634189285,03,2027,6140
4111110148592889,06,2027,609
5301256616357615,05,2028,847
4000006323831429,09,2028,700
370000038235422,10,2033,4817
4242429987729614,09,2032,890
4012884414196050,05,2026,323
340000237328819,05,2030,7990
5301254430645810,10,2026,668
370000344762507,09,2030,4511
5200821418141871,10,2033,616
370000897064467,04,2031,5622
4012883485917592,10,2030,918
4012886726337033,08,2033,762
370000143134213,04,2033,3509
4111116617897246,12,2031,326
4111119740595927,11,2029,882
4000004596097455,09,2027,543
2223006220409183,05,2026,313
4111119182353330,10,2031,552
2223009460972050,12,2030,679
4111111264449417,10,2030,618
5105105006860001,11,2032,636
2223008014443832,02,2031,724
5200820378438921,08,2027,975
4000007110943799,09,2028,695
370000987188077,04,2029,3552
4242425517899489,02,2033,842
4000007695204021,04,2031,537
370000876604572,11,2028,2691
4242420128436292,08,2030,060
340000126482669,09,2033,8271
5105103051694540,08,2026,076
4111113685839150,12,2031,220
5200827079548296,10,2033,798
4111115197473337,06,2027,239
4012882950229335,06,2032,347
340000226903580,03,2032,2190
4000007038513161,10,2029,198
5301254828268993,05,2033,101
5200822990140380,05,2033,727
5301257414333592,05,2030,070
2223006685861779,06,2030,792
4012880254121331,03,2028,130
5200820504739598,09,2031,709
5105106167623675,04,2031,812
340000548019230,08,2031,5729
4242420358751089,03,2027,668
4111113159052488,05,2029,066
2223004691328636,05,2028,561
5301258593142259,07,2027,339
4242428345365731,08,2029,752
4111113185613428,06,2031,019
5301252185685783,07,2026,738
5200821447847969,03,2026,190
5105109528704143,03,2033,659
4000008205948388,12,2031,289
2223006527853570,05,2029,566
4012885753153826,12,2030,701
5105107514161344,11,2030,073
5200825744345783,02,2031,988
4242425916072506,10,2030,021
4242429206169014,04,2031,680
5301257994994268,06,2027,152
4000007861828918,03,2030,868
4111110891639473,07,2026,604
4012885614859595,05,2033,114
2223001917501673,07,2031,773
340000547169317,12,2029,4391
2223008431142116,02,2029,086
4012889534293646,09,2027,726
5301251967011903,08,2029,573
340000211212732,10,2027,9769
370000743956759,01,2032,6801
5105109289400907,10,2030,971
5105108487582714,09,2030,958
370000284367168,05,2029,0089
370000055272860,06,2026,6780
4111114477933342,07,2032,285
5105105417077393,06,2033,020
340000974286733,04,2029,2266
4000008395027563,12,2033,148
4012889521440549,10,2027,002
2223006738822828,08,2031,416
5105107218011951,10,2028,509
370000659207460,02,2030,5621
4000001517340345,01,2029,319
370000535166542,10,2026,6088
4012882825680332,04,2027,279
5301252667997987,08,2033,457
4012884767564987,07,2026,497
5301251483349811,09,2026,927
5200826140099701,12,2028,794
4000001707478400,06,2031,856
4000007415577151,02,2033,915
340000517422910,03,2027,3620
4242425760172238,09,2027,692
4111113537847112,02,2032,037
4111114131763358,06,2029,787
4012886794059006,03,2033,418
4111118080206467,11,2026,629
5200823483030898,12,2033,128
340000987414983,02,2026,8020
2223008181050006,01,2028,820
4000003499364863,03,2032,240
4000003633082611,02,2030,747
2223005959075330,02,2028,639
2223003785288474,03,2029,632
4111111196882487,10,2032,438
4012884659533892,04,2033,322
2223001166578620,03,2027,281
5105105577144538,03,2028,615
4012888643460054,04,2026,385
4000004714178492,02,2030,141
4111110855125113,07,2026,866
4111116528274444,07,2029,708
5105106089532863,05,2030,205
5200822868345772,08,2032,087
5301254054775893,03,2031,821
340000647330298,03,2028,0548
4111110583639229,06,2032,698
370000355660905,07,2027,4349
4012881808152574,06,2031,513
4242427552943339,09,2028,310
4012885213686324,11,2028,012
370000513846610,12,2026,2074
370000232248510,12,2030,7177
5301251448883029,06,2033,550
4000004243871161,10,2033,437
5105100636035587,04,2031,209
4012881890628085,05,2031,968
370000008565584,05,2031,1519
340000083369909,04,2026,3149
5301251040039301,09,2032,652
370000108113822,12,2030,0404
370000359707918,11,2028,0485
4012889123443396,09,2030,357
5200826829601868,09,2032,118
340000462322594,10,2028,4937
4000000238395042,06,2026,319
4000006131013285,09,2033,765
5301251948682939,06,2028,039
5105105619580772,01,2027,326
2223007841075742,08,2030,155
4000001294822077,02,2026,349
4012885905900579,06,2029,974
5200824421456062,07,2030,462
370000147243903,10,2029,5067
4000006390069440,02,2032,101
5301257704473108,08,2033,290
340000779578391,01,2033,9293
5105102322220580,04,2026,493
5105102670199832,07,2032,937
4242426282152807,05,2031,925
4242427660090197,10,2032,715
5301250831013459,08,2029,441
5301252968210668,07,2031,966
4242423144761677,01,2028,851
2223008892895830,08,2026,458
4242424844269268,11,2030,731
4242421225052974,04,2031,269
4242424506007485,04,2033,769
5105107302595331,12,2028,768
2223006130032554,04,2031,825
5301251845361793,02,2030,236
340000056989568,07,2033,2651
370000677055149,05,2032,5170
370000591872710,10,2028,0870
5301258362608993,03,2033,333
4000008820930324,08,2033,935
4000006311349004,05,2030,509
5301254582232979,09,2027,042
2223003717041959,03,2031,656
370000134484486,09,2027,4464
5200821386243139,01,2026,571
340000109224534,03,2030,7303
2223003950709627,09,2027,006
4242420057324535,06,2031,944
340000386193329,09,2028,9139
4111119155293208,06,2026,146
4012881250610905,05,2031,540
5301252997274982,11,2032,718
4111117536143167,12,2033,242
5301258296624512,12,2033,510
4242424893967564,03,2028,387
4111117761733674,11,2029,746
4000007218445879,08,2030,298
5301251720849052,01,2033,342
5105103167331581,03,2029,417
4242426328389413,05,2029,265
340000222334269,03,2032,5719
4000008421289393,04,2027,820
4012881812454560,01,2027,446
4242421263642579,10,2026,170
2223007592179099,09,2029,368
340000861530987,07,2030,9964
5200828998994181,04,2030,921
5200826615551368,08,2032,004
4111111732211837,02,2028,191
4111112054229126,09,2028,547
4000005758015292,04,2033,555
2223003899277694,04,2028,016
5105109849807138,03,2026,600
5301255579511630,02,2028,076
4242426011246938,09,2030,657
4000000595135379,06,2032,406
4000009993737546,03,2029,692
5105108624631341,04,2029,111
2223001768540366,06,2029,602
5301258401191746,12,2026,144
4242421454248970,09,2028,769
2223005081087641,09,2032,256
2223009943003549,04,2029,391
2223000462129435,09,2026,972
4111114058624971,01,2026,042
5200828763673481,05,2029,159
4111118719212027,08,2029,605
5105102939476047,06,2027,879
4012880264008353,12,2032,881
5200826497846316,05,2027,067
340000197081788,04,2030,0917
370000508417831,12,2026,0134
4000002000614527,10,2028,301
4242428698301838,02,2030,934
5301254883726414,12,2029,521
5105105479454688,02,2032,295
2223004183190601,02,2027,706
5105104122795779,12,2031,898
4000006327597869,02,2031,994
370000975334725,03,2033,2611
5200825545655927,09,2026,153
4242425219129375,02,2032,503
4242425079152285,02,2033,232
2223005206947950,10,2027,504
2223007487152961,09,2026,364
340000454666511,04,2032,7474
5301255598038409,04,2031,250
370000561129299,02,2030,1220
340000387472144,08,2027,1321
4000008405710927,02,2026,287
370000933042857,10,2028,1953
340000138099352,06,2026,7171
4000009096568871,05,2029,373
4000002909955096,08,2030,892
4242422724538513,01,2032,617
5301257499400142,11,2026,146
340000809590044,01,2033,4790
5105108350481598,01,2032,537
5105107910086210,04,2028,746
4012886322390931,02,2026,978
4000000688327750,06,2028,837
2223005484680471,07,2026,431
4111119089836361,04,2029,596
5301255029050379,11,2027,631
4000002311391914,10,2032,712
340000036685351,11,2028,2936
340000378417041,10,2028,1401
5301257433559300,12,2032,986
340000781873558,10,2026,2441
5105107907019406,06,2032,471
4242423694518493,08,2029,901
4111110852711535,10,2026,141
370000307412785,01,2028,4006
370000258877572,04,2027,9034
370000515646786,02,2032,2702
4000008031818284,10,2029,418
5200820615560453,03,2030,129
4012884357030852,01,2030,953
340000119838000,04,2030,5294
5200821302612573,10,2033,927
4000003676627116,05,2030,679
4012884260845396,11,2026,177
5200823578069207,01,2033,254
5105105032009961,03,2029,516
5105108147962264,01,2029,683
340000184130887,07,2028,6224
4111119392728727,12,2030,527
5301258060575940,08,2029,968
5301258268106993,04,2028,802
4242428142394850,08,2028,369
340000175354504,06,2030,8000
4012887589902186,12,2031,636
4012882315265990,02,2029,030
4242422382020614,08,2033,918
5105108821464116,11,2026,779
340000819483354,07,2031,5730
4242422578067049,10,2026,725
5301257808754692,09,2032,768
340000841432494,10,2033,4013
5105102219614622,02,2028,736
370000180680508,07,2028,9986
370000385294865,01,2032,1322
5105103494586394,03,2026,399
5200827065127634,10,2026,190
4012880000678261,11,2029,325
4111117606613214,11,2028,844
340000040369000,09,2033,8340
340000366292257,04,2027,7254
4242429279216593,05,2029,432
2223000019151692,02,2028,170
4012880652138085,04,2028,963
340000887802881,01,2030,5907
4242420293140646,03,2026,425
4242423378601227,06,2028,768
340000232759679,05,2033,6416
370000712673674,02,2028,0232
2223008383075918,11,2030,045
340000737849819,11,2026,1525
340000333179850,06,2027,2415
4111115955853514,09,2031,753
2223001518064972,08,2028,106
4012889708654995,04,2027,770
4242420109253195,03,2032,042
370000807795564,02,2029,7788
4000000377938727,12,2033,704
370000367622596,11,2032,4907
5200823520111479,04,2033,779
4242420846130250,08,2030,440
5200824441861747,01,2033,612
4000005784412455,11,2027,686
340000763043329,12,2032,4006
5200820012482434,02,2027,578
2223008336062757,09,2033,916
340000962820048,03,2026,7495
4242426544093948,08,2026,449
4000007892275527,12,2028,269
4111111131117221,01,2027,842
4111110576674761,02,2033,940
4012883853185624,11,2026,330
5200823310913456,08,2033,308
5200829399425163,04,2030,015
5200820568714743,11,2031,064
4000006585415119,09,2028,897
340000302409098,10,2027,8968
2223004234980976,11,2033,920
5301253669183204,04,2033,229
4111116717458444,10,2033,817
5200829068432987,02,2032,173
4000008359331746,06,2029,185
4000005926747438,01,2031,798
5200820435868946,04,2031,977
370000178947398,04,2029,3304
4242424835749583,03,2030,290
2223004978794567,01,2028,940
4012889057469805,01,2028,430
340000019331387,06,2030,7216
2223007058052897,08,2026,837
4012880175859134,09,2029,631
340000079245535,04,2026,5821
2223008347069650,08,2028,492
2223001234596034,12,2026,049
4242427221341949,09,2029,261
5105106308035425,02,2032,426
2223008967529512,06,2028,279
4000002801643873,10,2032,966
340000996521042,10,2033,1330
4000006452612400,04,2031,215
5200820808269326,09,2027,522
4242426784088723,01,2030,328
5105109225699026,10,2033,312
370000219633676,04,2029,8396
370000041901929,06,2033,4086
4000008855119595,10,2026,645
4000007536617951,05,2027,387
5105105738737444,04,2029,222
4000007184687967,09,2031,765
5200824790568307,01,2030,125
340000116815480,07,2027,9313
340000722857389,07,2030,2545
4242422763921182,10,2028,553
4000000868132566,05,2030,238
5200828772932142,01,2027,214
4012887838864021,06,2028,010
5301258863594205,05,2033,461
370000265509960,07,2027,4266
2223005745020632,06,2033,130
340000788435781,12,2033,4423
5301253214877318,08,2026,584
340000927437219,11,2031,6681
5301251736117080,11,2033,108
340000789006052,03,2031,2982
4000004377378165,02,2030,051
5200824508160207,04,2033,668
4242427203648113,05,2033,522
5105103253829654,01,2028,299
4111119699433849,09,2027,847
5105101781372510,05,2026,508
5105105113458053,08,2027,001
4111112370928484,04,2029,891
5200820721522546,07,2030,348
4012884946457970,05,2026,112
5105107397600699,12,2031,627
370000648998104,10,2032,6815
370000153585593,06,2027,8655
4000001015891831,02,2029,956
5301257571239038,02,2032,331
370000309466995,10,2028,7595
4111111287922713,06,2031,718
370000007380548,11,2033,7991
4111116474153386,08,2031,870
4012881569737480,06,2027,760
340000110277257,05,2028,1093
5200827928575425,10,2032,289
2223009295490872,11,2032,395
5301256979298414,03,2033,742
4111110465102759,01,2033,800
2223000185122154,08,2026,497
4000007541795040,10,2029,617
4111115125952741,07,2031,541
4111119959264033,04,2033,057
4012880183437832,09,2032,246
340000806347059,04,2026,4609
370000218663344,03,2029,3926
5200829197901613,08,2029,336
5105108404731154,04,2032,591
340000149622945,05,2030,4210
5105109803794926,12,2027,049
340000941847682,04,2030,0337
4242427770939903,11,2029,172
5105106582290571,11,2032,709
4242426913550924,09,2032,450
4242425907998388,08,2032,906
2223007874473574,02,2029,281
4111119655825350,11,2027,174
340000248004946,07,2028,7274
2223002697402231,04,2028,596
4111113960759990,09,2033,642
4012888569794312,07,2027,357
370000630713099,08,2031,9670
370000122719943,08,2028,5566
5105101124150532,02,2030,372
340000115028747,07,2028,4979
5200825153641029,03,2026,390
5105105392208583,01,2028,905
5200826893900543,12,2027,367
4000007034851581,01,2027,329
4242421641963572,10,2033,317
370000833514773,02,2032,0475
4242424710980287,11,2032,490
4242428119856246,08,2027,255
4242423462965033,05,2032,298
5301250641483017,06,2026,337
5105104416429051,04,2031,598
2223006982293882,05,2027,654
4242427643845154,11,2029,980
340000675052467,02,2031,1588
4000009333878059,03,2033,813
4000007813450456,08,2032,566
5105109534363611,09,2028,594
4242427445303329,08,2028,680
4111110218016702,07,2028,568
4111116490672344,12,2032,747
5301251664817222,02,2026,154
5105107151386949,06,2027,690
4000003766094151,12,2026,040
2223009865937575,03,2033,467
5200829916083172,06,2030,127
2223001216482906,01,2029,894
4000001596349985,07,2030,897
2223009376919997,03,2029,061
5200828276578953,01,2026,705
4111114043922464,04,2029,781
4242421644206839,06,2032,961
5200825226465604,12,2033,059
2223002723485978,06,2026,192
4012884262384584,05,2027,495
2223003170506845,01,2032,642
4012883757739385,08,2031,363
4000006152272802,09,2027,150
4012885784704985,03,2030,736
4111110713515976,04,2033,267
4000004417028879,02,2031,242
4000002091125623,10,2031,891
370000174836686,02,2026,7560
4242427676639029,08,2028,137
2223004153790299,03,2031,843
5105105290503515,11,2029,244
340000594479627,02,2029,2014
340000503292467,11,2028,6114
4012886083525212,05,2028,137
4012889143829418,09,2030,568
340000692069999,07,2029,4399
340000375544151,05,2033,8840
2223009145017560,05,2029,352
4242424221008339,05,2027,282
4000007808746561,10,2028,456
340000687936301,10,2028,3807
5301256128047126,04,2029,572
2223009771338827,02,2026,290
4000001482330628,12,2031,340
5200826664840878,04,2030,612
5200822044856932,03,2026,698
370000377082633,02,2030,4043
5301255033077293,02,2031,356
5200828223452104,10,2027,953
4242422304735273,04,2026,955
5200820802997971,06,2030,730
370000712532201,05,2030,6008
4242424217164286,02,2027,051
2223008767965643,01,2031,006
4111116106669619,12,2026,087
4111114866185744,10,2026,801
370000310039716,04,2030,3135
370000908037338,09,2027,1943
4242424749019602,03,2032,927
340000261229990,04,2028,0152
370000349904732,09,2029,0520
5105101097340144,05,2032,938
5301257750846694,02,2026,186
340000432667391,01,2029,6168
4111111513559099,06,2031,035
4111113852576205,05,2029,588
340000365986172,12,2030,7856
4111115875185971,10,2029,421
4012884741073717,02,2028,596
340000139706823,02,2027,3922
2223005278141391,06,2027,313
4000001843370909,06,2032,289
5301256949074200,05,2029,519
5200820062298128,07,2028,650
4000001764634226,08,2031,957
5301255244812462,03,2030,690
5301250264929429,12,2026,596
5301250660779246,03,2030,256
4242429036981828,03,2029,655
5301251185844713,11,2029,464
4111110817286474,05,2029,485
4000000398790925,06,2027,476
4012880762117219,09,2028,570
4242422070589722,05,2030,910
4012883251903107,11,2026,325
4242422165399854,06,2032,389
4111119699937120,06,2030,859
4012880844454689,02,2032,997
5105103555605109,07,2027,331
5301250976376521,06,2029,874
2223003058655102,02,2028,376
5200824930376389,07,2028,975
5105107990668242,11,2028,967
4242427384725284,02,2029,727
4012886419468723,06,2031,678
4012889034075279,06,2033,280
370000487433205,12,2029,8494
4000000983697857,03,2028,618
5301251835262795,07,2033,676
5301250665029795,07,2029,445
340000559155675,03,2029,1409
340000095699137,12,2026,2397
4242420421255019,05,2027,252
5200825670329850,09,2028,240
370000315635856,11,2029,9605
4000004776897807,08,2031,156
5105105338042351,12,2030,224
5301251519395481,10,2026,491
5105103136894875,10,2031,578
5105103671068216,06,2032,537
370000050818501,05,2031,5499
4012884870323651,12,2031,674
4012883565240873,06,2032,625
5200827079527555,05,2031,704
340000355251579,09,2032,2468
4111110763697088,11,2031,280
5200828093234764,03,2031,970
340000162727696,06,2033,9394
5105108489779656,02,2032,290
370000168205815,10,2029,0099
5200827796874298,10,2026,906
340000667476583,09,2028,9556
4111119327922957,02,2030,339
4242423376454256,01,2026,150
4111119695267928,08,2029,783
4111119209151808,07,2029,028
4000005582482981,12,2031,982
4012887509286009,11,2031,844
340000980883994,12,2031,3077
4111111399758351,02,2032,403
5301258806811278,07,2030,901
4242423732089085,09,2028,215
4242423613295595,10,2031,492
340000094327656,10,2031,9599
5301257830223575,01,2028,719
4012884792254257,07,2032,330
4242422113128371,01,2028,350
4012883643838045,02,2027,855
4111116942465511,01,2032,901
4111112801079063,12,2028,919
4000002452872789,03,2032,201
4000004426209007,09,2027,268
4242428283711730,04,2030,550
370000490810175,08,2032,2766
2223005968321006,06,2028,037
340000698806501,01,2029,8308
370000305600076,10,2031,9638
5105104808842754,07,2027,857
340000266628360,02,2030,9532
5200826403421675,11,2029,252
5200825003080477,03,2032,906
5301257860750604,04,2030,251
4242428676644902,11,2026,028
4012888948988668,04,2033,460
2223000663639133,02,2031,722
5105104820744962,06,2032,969
340000867022591,09,2033,4935
5200826633199877,02,2027,615
5200825953738058,12,2029,322
5105106972996373,10,2026,191
4012883157764843,12,2033,275
2223000833592469,04,2032,330
4111119400987901,09,2032,226
5301252053251189,04,2033,644
4012889510050333,02,2030,412
5200824275988392,06,2031,064
370000434832160,05,2026,7572
5105107534721341,05,2028,578
5105103272329249,11,2027,682
370000113125886,04,2029,7977
4000006540645008,02,2029,380
5200828726581052,12,2027,044
340000027754133,07,2029,5081
4000003208671293,02,2027,991
5301253896880994,12,2033,218
5200827305710512,11,2033,249
4012883396762186,08,2027,704
5105104485338258,02,2027,047
5301250643772714,10,2029,386
4000001721337244,10,2033,554
4111116288614524,11,2028,667
5301253540888443,05,2026,444
5105104882492476,12,2026,855
2223009004543722,08,2026,675
4111118208019834,03,2032,736
4000006060034104,02,2030,772
5301258508553657,03,2029,902
5301253324742311,01,2033,441
4000004905599563,05,2028,766
5105106221552050,02,2026,301
370000452462841,06,2032,1970
2223002940689980,10,2032,778
5105106157931245,10,2033,365
2223002111267590,05,2030,561
2223006424858862,01,2030,744
4242425418734611,03,2028,067
4111113497992650,10,2029,665
5105106408177002,06,2032,286
4000005670509588,12,2027,414
370000545948418,04,2026,8359
5200828169148492,08,2029,693
4012881315336421,07,2030,925
370000131073324,12,2029,8836
5200826526481275,09,2033,410
5301257213912463,01,2031,632
2223003006223672,10,2026,427
4012880441512954,01,2026,178
4111119120731993,04,2029,774
5301255725062876,01,2032,566
5200820279360489,08,2028,691
370000214763676,04,2026,8936
4012886260298195,11,2030,217
2223001926182762,11,2026,675
4242428444167319,09,2030,715
5301253347692816,09,2032,997
5301257898226098,06,2026,062
5105107299851598,09,2031,270
4000009390576687,08,2030,453
5301252790410213,10,2028,554
5200821097404186,04,2027,070
4000001089392807,08,2030,202
4111118964508376,10,2031,921
4242425856401111,01,2029,399
4012884076234702,06,2029,915
4000009672373050,09,2031,149
4111110601456747,08,2031,997
340000733664303,05,2030,4180
370000998339669,09,2028,0090
340000375788584,05,2028,5861
5301253386937759,10,2030,478
4242422500143983,11,2033,055
4000002855621460,11,2030,694
5301256494680203,12,2026,916
5105106701711275,05,2032,630
5200824000136424,05,2027,616
5301250303258137,03,2029,070
370000945114751,06,2032,3995
4111117654691955,07,2028,582
4012889620980239,01,2026,754
2223005650489327,10,2027,154
370000984032773,05,2027,7276
5301256823464121,02,2028,153
2223005515886444,04,2026,015
2223008951907021,06,2033,899
4000008736736559,06,2027,845
370000825920418,07,2026,1865
4242428082517395,05,2031,579
2223004885873231,06,2028,481
340000782711682,03,2031,0723
340000381050292,01,2029,3604
340000475092887,06,2031,2673
5105107281050316,12,2030,389
340000766062664,06,2028,2686
4000001144285236,12,2033,076
4012884750715893,04,2032,897
370000294411402,04,2030,2357
5200821947602708,11,2032,835
4111116044757914,02,2026,436
4012887885073138,07,2032,826
4242427318110983,12,2029,204
5200820580428314,05,2026,677
5301256364864077,02,2028,777
4111119895104541,11,2029,102
5105107469651661,05,2031,232
2223007567119179,03,2032,712
2223009726981119,02,2032,960
4012882319302252,11,2030,478
5301251075539761,01,2028,734
4111113306991257,03,2031,970
5105106935591667,03,2032,631
340000476501910,11,2033,0305
4000003537010296,03,2033,595
5200827827539381,11,2032,292
4000001899770531,07,2026,744
5200828062729745,07,2030,482
4012880602294871,04,2029,512
5105100777403743,09,2027,448
370000690569811,05,2028,8813
4012887455596179,05,2030,378
4000008598367626,08,2027,535
5200829264284422,01,2028,810
5105106087297626,06,2026,130
5105100249741613,07,2031,220
5301251970006700,11,2033,843
5200823668641600,01,2030,484
370000659699013,09,2033,0020
4000008193508277,03,2029,323
5200824324340728,01,2026,537
5105108686363841,12,2027,801
5301255414045364,03,2027,873
5200822462948443,11,2027,857
2223000893990884,10,2032,999
370000916866132,02,2026,4646
5200823758070637,04,2029,124
4012889102011438,11,2033,241
4242425186960208,09,2028,244
370000058916067,11,2030,4955
340000683295611,11,2029,2568
5200823706385301,12,2031,307
5200824697922235,01,2028,431
5105106323003663,05,2026,182
370000589189036,01,2028,9909
370000722610559,05,2030,0844
5105105556551372,05,2033,776
370000204822573,08,2026,3643
5301255819959847,10,2032,706
5200827482006239,10,2026,066
4012887520747666,03,2033,026
5200824920483385,07,2031,825
4242423059826853,03,2029,584
4012887858773193,06,2032,922
370000241173162,04,2033,0702
5200823680020254,10,2027,699
5301257512676371,02,2029,489
4242427834478971,01,2031,547
5200828001124545,06,2032,382
5105107933409993,08,2029,435
2223006364278188,09,2030,407
5105109203111630,05,2032,265
340000859730391,11,2030,9080
4000004721293987,06,2029,588
4242422369131749,03,2030,682
4012883962409501,01,2028,326
5105100274326009,11,2027,913
4012880864577005,09,2027,194
5301255547888326,04,2026,795
5105103793031043,04,2030,626
4000000727235576,02,2028,911
4000000351428893,03,2030,133
2223000087572142,09,2027,956
2223001516636102,05,2026,706
340000692192940,04,2030,7897
370000896113141,05,2028,3490
4000004579007513,07,2029,512
2223008408153187,01,2031,363
370000921993939,12,2027,7376
2223008467610424,12,2030,698
4012887833622648,09,2027,404
5200828768759749,02,2029,249
2223003592821616,08,2026,183
2223004013342679,05,2031,798
4242422326819733,12,2031,670
4242420748582228,12,2029,561
5301251297399093,08,2030,511
340000850744854,06,2026,4902
4012880540926121,12,2027,466
4000002145619175,06,2030,406
5200829761224178,09,2033,821
5105104087999051,03,2030,290
2223003715995859,03,2026,901
4111115184588808,05,2033,502
4012883155260620,10,2032,353
4242427951878078,04,2032,710
5200825318787394,03,2026,374
370000289862403,08,2033,5495
370000883636237,07,2032,8607
2223009615537873,07,2027,844
4012887271008391,02,2029,027
4000000382173039,08,2027,675
4111110308723308,01,2029,684
340000917603168,05,2031,8674
4000003950259388,06,2030,827
4000001854150042,05,2031,999
4242426445671446,12,2033,709
4242423561859814,10,2032,054
2223009105214512,11,2030,197
5301251702975081,04,2031,208
4242425290851624,09,2030,194
370000379827761,06,2026,8864
4012888457788103,01,2033,007
2223003838255074,04,2031,314
4012888206030203,01,2030,539
2223007016146658,06,2026,582
4012880954625102,03,2030,258
5200824188668453,02,2033,497
4242421531710141,09,2033,298
5105103646618749,07,2026,715
4242421656102058,12,2032,439
4111115639862972,07,2033,689
340000676835456,08,2031,6933
2223007433569805,05,2032,728
4012884535130475,06,2029,802
340000340950152,12,2031,6229
5301255985729164,11,2028,608
5105108782589679,02,2033,716
4242429057764921,11,2027,633
370000704552217,10,2027,7288
4000003179179920,07,2029,059
370000933206346,11,2031,7728
5200822175244833,05,2029,858
5301250658747049,09,2031,939
5301250266550512,06,2027,091
5200821630819023,03,2032,465
4000005218957158,02,2031,599
4000006372401538,11,2033,278
4111111772305606,11,2033,608
5301259008682657,02,2030,535
5105103166494091,10,2032,202
4012883248437680,08,2030,523
5301252367122118,03,2027,119
4000008053593757,04,2031,133
5301257078044048,04,2031,155
4012883157906311,11,2026,119
5200828060589182,01,2029,279
2223009734345489,02,2032,368
5105108299599518,06,2032,802
4111114643704981,10,2026,820
4000005934507022,05,2033,264
5301251230374070,05,2030,837
4012888117457529,04,2031,764
4242422143252118,11,2032,045
4111117677575649,03,2033,952
5301252317595462,08,2029,630
4242425626714652,05,2028,129
5301259511416510,08,2028,768
4012880119369760,04,2026,887
340000647908960,08,2028,2146
4242426833909994,11,2030,047
370000539510760,06,2032,7451
5200828478450670,02,2029,310
4111118585166992,06,2030,248
5105103090279113,01,2030,096
5105104325168576,01,2028,427
4000005842675671,02,2031,397
4242426770009576,01,2030,695
4000002319899215,10,2028,462
2223006227293507,12,2033,067
340000606620671,06,2032,6801
5105102263893833,09,2032,583
4000000609929627,06,2031,503
4111114307727328,06,2027,324
5200820077147054,06,2032,572
340000900142968,09,2026,7045
4012886272085796,06,2026,014
2223009544687666,06,2027,620
4242429262029854,02,2032,270
5105102867610278,01,2032,023
4012882309276862,07,2026,296
5105109507994475,09,2030,902
4000009066379275,05,2028,337
4000004099798831,11,2033,015
5105102814260938,07,2030,408
5301250990256220,11,2033,679
5200824288311194,11,2032,476
4012888168373021,08,2033,916
4242423958690616,07,2026,741
4012880575951127,06,2026,274
340000971082465,04,2029,7918
370000827718752,02,2030,5897
340000469187552,01,2031,3907
5301254754184016,12,2026,778
340000258285229,04,2033,5943
5105100632592847,04,2031,254
5105107607772791,08,2032,786
4242428345463304,10,2030,842
340000808525587,11,2028,5915
4242428793860829,01,2028,149
5301256444726387,10,2032,095
5200820217264074,05,2028,169
4012880240538747,06,2032,451
5301250393622119,07,2032,313
4000001323362541,10,2028,463
4012886386727101,08,2027,941
340000432601200,08,2032,8825
370000003616481,10,2026,5813
5105102398523164,01,2029,987
2223004725511066,12,2031,812
370000528855952,01,2032,9427
4242424599745314,08,2029,417
2223000756765571,05,2032,844
2223004231941252,07,2032,793
4242428361865564,11,2031,055
5105104155794699,10,2028,756
5105101733981525,02,2026,538
5105108964336485,04,2031,167
370000592683678,07,2027,5694
4242421563895919,02,2027,906
2223003980548813,04,2032,268
4111113303135247,09,2029,253
4000005572873157,12,2028,276
4111117662948843,10,2029,321
4000005579157604,08,2029,908
5105108197075801,06,2030,283
4111116825511167,08,2028,462
5105104957045829,07,2027,347
2223007939621712,06,2033,613
4012887092909959,09,2031,371
4242429356031063,05,2028,143
340000093501475,03,2028,4621
5301258183134070,02,2028,587
340000215591370,12,2027,4580
4111118299115103,03,2033,074
5105107402669820,02,2030,374
370000418374973,12,2033,9114
4111111266890378,01,2030,100
2223004116954552,03,2031,946
5301250123483519,08,2030,964
5105102924406009,03,2033,814
4000004765688977,04,2028,972
5105104766733904,06,2028,075
5200820429479718,01,2028,885
4242421079924930,06,2029,725
340000316916773,12,2032,5866
370000406565558,10,2028,6534
4012886757525191,10,2026,258
4111110481080757,06,2033,246
4000002966747535,10,2027,812
5301252434126167,04,2033,251
4242424059931255,03,2027,881
5301254472287950,05,2032,597
5105104271653456,08,2030,381
4012885113169488,12,2031,072
2223009977154218,11,2030,904
5200824755091071,11,2026,387
4012889145565960,03,2029,618
4111112209664284,08,2029,560
5105100340453258,04,2032,175
4242429272066979,09,2027,701
340000295335631,07,2029,8939
4000005899265921,01,2027,817
4012880175595548,04,2030,942
4000001486652670,03,2030,678
2223009583873128,11,2031,434
5301253600203467,11,2033,997
4111115050582356,03,2028,534
370000353230883,03,2031,7587
370000850278104,09,2026,2662
2223009417293576,10,2026,239
4111114760005444,10,2028,396
4111118108779578,02,2026,617
2223005070713249,12,2027,703
340000270854457,06,2026,7678
5200824719306409,08,2026,193
4242420431175975,12,2028,773
4012883991842789,06,2028,535
4111113620376292,07,2028,482
5105106676870254,11,2026,129
5200825161654105,05,2028,421
5200829639825602,04,2026,514
370000382660456,09,2028,5416
5105102334970347,03,2032,583
5200829062902936,11,2028,721
4111115483209122,06,2030,840
5105109197283544,03,2027,020
4111119971771825,03,2032,217
5105107104022617,05,2027,564
4000004283025637,04,2026,100
4242427882157436,09,2028,869
4000003438979466,01,2026,248
2223000947540602,02,2027,774
5301256911591306,12,2031,814
5301256651722210,07,2027,678
340000331851526,12,2030,7695
4111112744775025,04,2027,541
4242425252321293,04,2029,792
4242425199108134,10,2026,756
340000227723771,03,2028,0575
340000798844279,07,2032,6921
4000006216266931,07,2033,339
4111111096917383,01,2026,170
4242427794055660,05,2029,051
4012885625643202,09,2028,160
5200823372765026,12,2030,594
340000942500074,06,2027,6448
340000299591841,09,2026,5184
5105101520495200,06,2027,990
4242428220046992,05,2030,668
4111117039146709,07,2031,662
370000137273274,06,2030,7169
5200826175572846,06,2030,606
4242421400474688,11,2028,956
4012886811032101,06,2033,519
4111117584755367,12,2026,538
2223005935285540,02,2032,059
5105103565281719,01,2032,610
370000301474021,11,2027,1281
2223008994999753,07,2031,497
5301253967687930,03,2029,233
2223009732635451,06,2030,975
4000001464308717,06,2033,231
370000310467487,11,2027,6782
2223009157445048,11,2026,110
4012887899190977,08,2026,180
5105103650576304,02,2031,776
340000796455060,07,2031,8443
2223004894609295,01,2029,795
4242427974455581,04,2030,533
5200822500302074,01,2032,253
4242420091158733,10,2032,160
5200822235526484,07,2033,355
4012883783445908,05,2032,234
2223003009855447,09,2032,930
2223005761683719,03,2030,846
4242426134950796,11,2032,447
370000047502945,06,2032,9184
370000806766517,05,2029,3939
5200829550022551,11,2027,839
340000122373912,07,2030,8380
340000596621945,06,2031,4464
340000951999829,10,2027,4631
340000815408314,12,2032,3978
2223006244770909,05,2030,533
5301250331759270,12,2029,901
340000362370537,07,2027,3955
5200820782357733,04,2028,699
2223003995798171,03,2029,115
4242427988823543,12,2032,956
4000003575576679,02,2033,343
4111117974811192,05,2033,691
4012886219018918,02,2027,123
340000638614049,10,2026,8286
5105103118257281,12,2027,376
370000598815076,04,2032,1962
2223008163576705,09,2030,885
4111115432767766,10,2027,219
5105104241705170,12,2026,615
4242426516994800,09,2027,149
4000007872916710,01,2027,600
5200828360635594,03,2029,460
4111119301459406,09,2030,340
4000007402742545,07,2028,775
4000001194781035,03,2029,053
5105102828097300,09,2027,615
340000614241346,06,2031,5227
4111115119951576,01,2030,321
4012883934848844,06,2031,709
5105109023195821,02,2029,136
4242429731401197,10,2030,919
2223003746273847,07,2033,046
4242426041675452,02,2028,527
370000205876172,10,2032,9110
340000686144204,05,2033,5825
4012884737321856,10,2031,503
2223000305707264,12,2028,103
5105105806269189,11,2029,292
4242423819050919,02,2028,695
5105101228367818,12,2026,419
340000568507197,04,2029,3034
5301251105001006,02,2028,332
370000593582572,09,2029,7703
5301254085951455,09,2030,110
4242422369731621,01,2027,293
340000660380840,05,2031,2129
340000351287585,12,2032,0599
5200826310591578,09,2032,620
5301250592720599,12,2033,564
2223003902262493,09,2030,803
5200822586770632,05,2032,952
5105106496588888,09,2029,114
340000593684292,05,2030,8441
4242427023379220,06,2031,492
4111119525770000,08,2026,887
4242421548250677,06,2026,970
2223007559549060,09,2030,248
340000123439753,03,2026,5709
2223000238044173,05,2031,639
370000141137192,05,2033,6292
4242425525473111,12,2033,174
2223009791753575,02,2028,620
5105109882608120,07,2026,362
5301254928914652,10,2033,604
5301257666683546,05,2030,157
340000587905943,12,2031,5274
5105107095208522,04,2026,426
340000439374553,10,2029,5536
4000009416772716,11,2030,742
340000375499737,05,2033,8867
5105103534447201,03,2026,764
4000006197343790,08,2026,203
4000000194889152,09,2029,449
4000009700510632,11,2030,537
370000112888757,09,2032,6238
4242427534643023,12,2031,988
340000009371641,11,2026,7091
5301258137349873,12,2029,497
5105104920080721,03,2033,588
4000007227580369,04,2027,194
5301258776666256,07,2027,326
4242422654077151,07,2026,673
4111113973901183,11,2030,361
370000241810763,06,2032,1462
5200821933405793,01,2030,518
370000579821291,12,2027,2429
4000006743959131,07,2028,954
5105107812599120,07,2027,107
4012887190396786,03,2029,161
5105107360321133,05,2027,131
4012883462124394,08,2028,935
5301255756353830,10,2032,035
4242421358566469,03,2029,044
4000000899716577,01,2032,401
5200824838141232,06,2027,524
5105107117280616,01,2028,566
340000195144216,07,2027,3970
370000940596903,12,2029,5015
5200829501433964,07,2032,856
370000121718433,07,2032,8279
4000004211671643,07,2028,242
5200820987106216,12,2026,144
4242428806208420,10,2033,714
2223007284084656,01,2030,190
5105107996894115,07,2027,584
4000000435942836,07,2029,571
4012881010898790,03,2030,448
4111119523860159,01,2030,863
2223007132630585,11,2031,945
370000272907249,04,2026,9791
5105106975999424,04,2026,228
2223000572749767,06,2029,379
4000009862004093,12,2032,900
4111119925401610,11,2028,247
5105100516339356,07,2029,441
5200828113228291,11,2030,290
4242425756300918,05,2026,015
2223007885578262,10,2026,028
4000007050723839,03,2032,892
5105105072986227,03,2029,804
370000741748703,06,2029,7960
4012888228940603,10,2030,433
5200820156313494,01,2030,622
5200829769268326,05,2029,382
340000678667691,06,2028,6370
5105102399025169,04,2033,764
5301258903096757,04,2028,653
5301252557890482,07,2032,880
4242422332216577,12,2033,316
340000457485844,04,2028,3736
2223006668204955,09,2026,771
370000358775551,12,2030,6379
4242426580594304,08,2033,270
4111113484802656,09,2027,775
4012886015611445,01,2031,100
340000458991683,11,2032,5065
4000004545474268,08,2031,423
5301253597833631,03,2029,785
370000054879822,04,2026,5901
4000003218281604,12,2028,161
4012885292458686,12,2028,492
340000154257470,07,2029,7533
2223009244152276,11,2026,126
5200828015538201,01,2030,609
4111113694157008,12,2031,578
370000838541789,11,2027,9879
5105103571130256,04,2029,015
340000338665036,09,2029,1794
2223007902982968,04,2029,557
4012881722616035,12,2031,701
370000895571372,11,2032,4330
4000005164504319,12,2028,222
5200826346259778,10,2027,088
370000629090483,03,2030,1947
4111119604895124,07,2029,851
4242420581418845,04,2027,461
4000009052923151,02,2032,247
5301256507967860,02,2033,456
4242429000885047,01,2028,539
5200822190516421,01,2029,561
5301252666503554,01,2026,205
5200823772286003,08,2033,686
340000225769214,12,2032,2965
340000259601655,03,2027,9326
4000000458278878,10,2028,935
4111114119180070,03,2029,610
2223006849190693,07,2032,949
340000312935561,11,2028,6189
4242421062912991,10,2030,837
370000326493832,11,2030,1805
4000004513488175,11,2030,501
4111110379960102,08,2033,107
4012881470048043,05,2030,912
4111113261499882,09,2026,233
5105105168120673,07,2030,301
4012886907583777,07,2031,544
2223001679500574,03,2031,948
5200826104616003,12,2030,827
370000390012088,02,2026,1644
4000007572847488,06,2028,725
340000388071887,05,2031,6867
4111116317673699,01,2032,270
5301256737351141,07,2028,200
4242422840615302,08,2027,611
2223003318414209,07,2033,545
4000003443538414,07,2030,973
5200825823398281,07,2032,661
4000002462553460,01,2030,190
4000006364816917,11,2030,429
4111113957967069,08,2026,578
4111114917077742,05,2030,783
370000505536203,08,2027,7389
4000002399961703,04,2030,598
4012881703037656,12,2030,126
4242424407624024,12,2026,150
4111111040969969,10,2028,281
4111119389265063,07,2032,140
4242422339984094,12,2029,058
5105107620501961,04,2033,390
4000004459665463,10,2032,829
5301251013053875,09,2026,536
4012881885541582,10,2028,093
4242429551171391,08,2029,810
4012889662665649,10,2026,691
2223009036256699,10,2027,398
5200820476851710,11,2030,364
5105101687947001,12,2030,450
4012888454473493,06,2029,245
4000001820773745,08,2027,514
370000955793304,12,2033,7537
4000004788627598,08,2031,145
4000003353813401,08,2026,680
370000482690965,05,2033,4611
4012883369286452,07,2032,922
5301257359764462,05,2026,554
370000274862962,11,2027,6353
5105100749566957,08,2029,466
4000009486007910,03,2031,320
5301254784441956,06,2031,083
370000305295596,08,2029,3041
4242421408228219,12,2029,723
340000648864535,09,2027,6503
4242423147335776,06,2031,355
5105107401448317,08,2032,846
2223004906388375,01,2033,679
5200822549678229,07,2028,289
5301252346337118,06,2027,572
4242423954376509,12,2027,279
2223005260513391,07,2032,692
5200824016989634,07,2026,134
4000003842094415,09,2027,823
5105104743436738,02,2028,342
4000006514527877,04,2030,576
340000606490471,11,2031,5527
340000304796765,10,2026,7634
340000605162816,02,2027,1217
5105101061858998,05,2029,742
4111117737788968,08,2026,795
4242425385386551,09,2027,774
340000543393432,09,2031,2146
5200824545635138,10,2030,905
2223001247748358,04,2027,779
4111110436375799,08,2030,611
4242420070050471,11,2031,159
4000006543205875,02,2030,915
4000005238179296,07,2026,923
370000289087795,06,2026,4271
5105103530085120,12,2033,715
5200820712368420,03,2030,985
370000490505569,11,2027,3253
340000693757279,10,2029,3005
5301251735145512,01,2031,491
4111112307374174,10,2031,861
5200824822391561,11,2032,409
5301252736614241,09,2032,478
5200827757757342,12,2028,014
5200821222629749,01,2026,554
5105106802303014,10,2033,525
5200827527044468,12,2033,264
5105101957648586,06,2033,503
5105109622126060,11,2032,223
4012880293576768,06,2028,163
2223008009849365,03,2033,447
4111113729415546,09,2030,373
5301255739658164,01,2030,018
4012882259992609,11,2031,080
4000008328935981,01,2030,365
5200826222577129,09,2029,839
4000008441080459,01,2027,198
4000004756053694,03,2027,887
370000838100362,09,2033,4367
4000000530127994,09,2030,473
4000008392308412,06,2029,778
4000004380442792,02,2028,350
370000495121776,02,2029,1054
340000623331237,07,2030,2322
4111113467776745,04,2026,447
2223004040308636,06,2029,451
370000018110769,02,2031,3759
340000846583234,02,2032,9694
4111113930415806,09,2028,491
5200825606727631,03,2033,084
5105109783359427,07,2030,166
5301256752193071,01,2030,495
340000452742611,08,2028,5590
2223005229198656,04,2026,878
4242420617633722,03,2031,494
370000093702522,05,2030,2087
5105101846891793,10,2027,207
5301256584203197,11,2031,971
2223006351648500,01,2032,558
340000295253222,10,2030,8633
2223007817143524,05,2033,914
4111116210822559,08,2028,272
5200827695899941,11,2026,225
5200820492873318,06,2026,944
370000731396505,05,2027,6448
340000227850111,11,2029,3103
2223002455493075,07,2028,177
5200826506126940,11,2032,933
4111118783288606,06,2032,243
4111116820327049,04,2028,985
4012883582685589,06,2030,666
4000000951508888,11,2030,101
340000349104975,04,2030,9765
4242423347849196,10,2032,195
340000309626579,06,2033,6945
4012885884894777,07,2033,637
4242428884695266,07,2031,667
5301258347300260,11,2033,905
4111111904345462,06,2029,121
4012885729944886,02,2028,975
2223000597765970,07,2031,917
4012888414804779,11,2028,215
4111115913679332,10,2031,579
5105102806250723,05,2029,104
5301251729864714,08,2030,792
4111117723483111,02,2033,117
340000605570307,03,2030,0933
4012884120553321,05,2031,718
2223005973885227,01,2027,067
4242423679323596,10,2026,701
4012888370067296,05,2031,603
4242421419305063,09,2028,148
4242426413542405,05,2029,779
2223006043171036,05,2026,071
4000005855044880,04,2030,355
4111115307578538,07,2031,150
4000004801902622,07,2028,781
370000610371264,12,2033,2175
5200821903730501,08,2028,575
340000810556679,07,2028,1333
5301256972441912,04,2028,288
4012880623151449,06,2027,657
2223007876535453,08,2033,524
2223008369959689,07,2029,974
5105105807254156,04,2032,910
4111115892906243,12,2026,246
5105103742130847,05,2031,344
370000097080578,02,2027,4561
4111113539618701,01,2030,520
4111115311369429,01,2032,712
4242422911619928,11,2028,988
4012887522835527,12,2030,193
4012889498599780,04,2032,771
4012888898477019,08,2033,099
5301257892771958,02,2033,926
4000002451962490,07,2031,655
4000007033156503,11,2026,055
4012883087076292,05,2030,583
4000003779404058,10,2031,231
370000785861925,07,2026,7434
4000008363491239,12,2032,153
4242425459298609,06,2032,613
370000235121714,05,2033,3685
5301253896501509,07,2032,110
340000835462465,08,2032,7707
5301257167215566,07,2028,995
2223001305432473,10,2028,552
5301254318582721,03,2028,421
4000009241127284,12,2032,261
2223004844624493,07,2027,479
5200829329755325,02,2033,460
370000282901513,04,2029,4012
5301251082256300,12,2033,782
4111112116737223,11,2033,127
5301256858040424,10,2032,743
5200828727536956,07,2030,782
5200822521952915,09,2028,798
340000383576146,10,2028,8160
4012885035167560,05,2027,698
340000567351365,05,2030,2964
4000004566826883,04,2029,706
4111115541640540,09,2026,346
4000006122509507,09,2026,079
370000096982535,09,2030,7522
340000105559305,01,2028,1825
4000005366277565,11,2028,699
370000636664759,09,2030,0609
5105105654224120,01,2033,584
4111117351360342,07,2030,801
4012886173401258,01,2028,356
370000287075727,08,2032,1779
4111118124795814,03,2030,443
370000866077052,04,2030,2937
5105107303601369,01,2026,154
370000820288415,06,2033,3055
340000367519450,02,2026,6693
2223007872034121,03,2032,981
4242421323754885,01,2032,073
4000009362674874,03,2028,778
4242426624576036,05,2030,012
4000003010786818,05,2029,971
5200824632732384,06,2031,664
4000009380400591,11,2027,513
5105106486527037,06,2026,461
2223000867255389,11,2031,011
4111117090404955,04,2033,945
4000002500574080,05,2029,270
5200827354944012,04,2032,282
4242421508809652,02,2031,925
370000835616196,11,2027,4363
4111115283745374,02,2028,930
5200822771539453,11,2032,365
4242423095597815,04,2028,019
370000960337535,07,2026,3763
4111112657457694,06,2032,676
5200829144554986,08,2028,512
340000856626907,02,2032,8899
5200828282024406,07,2028,592
340000627228199,08,2033,4214
5301253282134733,12,2027,056
5105107989861949,02,2030,251
340000025473702,07,2028,5187
4111113207397760,09,2029,964
5105106708726151,10,2026,470
4242427170696061,08,2027,461
4111119739818231,04,2027,856
5105104918843486,07,2029,934
4000006669157207,08,2029,283
2223009346269705,04,2026,880
4000004378298198,10,2029,994
4000003349378238,07,2028,085
340000897923875,04,2029,9868
5105107759832385,09,2032,531
370000067050023,03,2030,1736
5200828684558506,12,2028,279
370000768156046,10,2027,4559
5301257156553936,10,2027,198
5301250245237207,01,2032,783
4012885899405361,09,2031,915
5200824423426469,03,2028,425
4012885127200162,08,2033,797
4111113316691111,05,2028,614
4242426151369409,10,2032,007
4242423993213903,03,2026,864
4000007465842935,09,2026,939
4012887253709115,02,2032,499
4242423182709299,01,2027,108
4242422361815265,02,2026,732
4111112449535476,11,2027,886
2223007489430803,11,2030,946
4000009381641136,01,2027,272
5200825638083094,08,2027,926
340000100433308,10,2032,3979
4000003685930543,05,2026,069
4012883165976488,02,2026,444
4242421528869090,02,2032,408
4111112889742582,10,2032,490
4000004269742296,02,2032,878
2223001598926587,06,2033,518
5105101299904424,02,2030,793
4000000566997781,02,2026,490
340000513941913,05,2029,4294
340000071454283,01,2029,6240
340000236502687,08,2027,6865
370000912488329,08,2032,7167
5105102272855237,08,2033,717
4242422691352245,04,2028,395
5200826215155073,01,2033,116
5200828711161001,02,2030,563
2223009999718115,06,2029,136
2223002166768740,03,2030,214
4012888612901609,02,2026,030
4242427455036173,09,2031,255
4242420794682211,11,2032,198
370000458913052,06,2033,6165
4000005787025395,08,2031,545
5301257903312446,10,2033,440
4012887202959233,02,2032,783
5105108121975704,11,2032,027
370000333883306,03,2032,4839
4000005526857488,08,2031,923
4012881825297964,02,2027,510
340000089048754,09,2033,4898
4111114147353269,03,2030,419
340000031440760,10,2032,7136
5301258332743193,08,2026,708
5105101911445871,08,2026,283
370000054082732,04,2033,7814
2223000373442810,12,2026,124
340000899632029,11,2027,2011
340000419407944,02,2027,9921
4111111378569118,08,2030,197
370000953288828,12,2033,6117
370000781086808,01,2029,7052
4111119669638203,07,2031,133
5105106269371546,04,2031,113
5105107362212983,11,2033,785
340000017742155,02,2027,2926
4000006246099088,04,2033,829
5200828783965594,04,2033,754
4111112654234955,09,2031,526
5105104102114223,01,2033,106
5200824631109709,06,2031,637
5105108657217893,07,2032,716
4111112124019341,07,2026,134
5301255930584060,11,2033,571
5301250988105140,02,2033,070
4111114498976213,06,2026,329
5105102311580697,06,2033,533
4111110781963280,09,2033,036
5200822478217791,03,2033,782
4111111541741453,05,2031,417
5200825624819311,01,2028,420
340000810730456,01,2031,4141
4242426806014657,04,2027,126
340000826519844,07,2032,5663
5105108540530940,05,2032,287
5105101601589301,05,2026,284
370000333915207,07,2033,2538
4012886553598244,10,2030,833
2223009221268798,09,2026,732
4242420285401725,04,2027,577
370000200630582,01,2031,0462
2223006533403774,04,2028,780
4111112601253595,08,2026,898
340000039930150,06,2032,4758
4000008505934294,09,2031,191
5200829157847392,01,2031,208
340000590376108,02,2029,9400
4012883137275860,01,2033,058
5200827416101148,01,2033,834
2223007637133655,03,2033,067
5301250099403525,08,2031,233
4012882807472146,02,2032,544
5301254350628408,05,2030,208
5301251116510201,08,2026,780
5105102125860061,03,2030,436
5200821873673152,06,2032,717
5301253549590347,11,2028,264
340000944740801,05,2030,1384
4242423885126932,11,2026,701
2223009147193419,05,2026,450
4000003351163221,08,2027,057
4242425704655363,04,2031,807
4000000996486934,01,2028,001
4111117166714279,04,2032,823
2223002310002533,05,2032,024
2223003257478991,02,2026,408
4000002449541349,09,2029,908
4111110216558051,03,2029,374
4111110430529755,08,2031,302
4012886940218043,05,2028,095
2223004605236255,08,2028,364
4000000375564822,10,2026,607
4242422576879007,02,2030,814
5105105656007309,07,2030,138
4012884952509680,02,2027,464
340000173538181,03,2033,0200
5301256185376582,03,2030,616
2223004268328779,09,2033,413
4000001245862438,04,2030,653
340000657892385,02,2033,2204
340000152853932,08,2033,7992
340000840325418,09,2031,7557
5200822579151766,09,2032,835
4111114383095244,01,2031,763
5301257363017626,09,2026,662
4012880589273690,08,2030,876
5105105704018100,05,2032,468
340000550143183,07,2027,2300
5200823207142961,01,2028,223
4012883459496755,01,2029,745
4242427071304310,08,2027,968
5301257405933566,10,2026,880
340000901013713,02,2030,4947
4242427550257336,10,2028,567
5200823103725166,03,2026,160
4012886478714801,01,2029,079
4242420799645718,12,2028,847
5301250978244040,08,2029,777
5200829384404777,03,2028,454
5200825605635686,04,2033,669
4111112979611085,12,2033,318
340000287492226,07,2029,1197
5105107791245919,12,2029,700
4111119787013347,01,2026,436
4000003930431255,06,2028,238
4111110260449850,06,2028,063
5105108914601608,12,2030,202
5200828611371163,07,2028,740
5105109196776324,10,2031,341
4000001094837002,09,2029,939
5301257559120721,12,2033,209
370000024828594,02,2029,6419
5200820564903357,10,2029,658
5200825383781231,08,2029,124
5200826401452011,09,2027,178
5105109451766598,04,2032,165
5200825235930424,02,2033,785
4242425751962746,03,2030,421
5200821999235332,12,2031,237
370000499263590,09,2027,8192
370000768860613,07,2031,4302
5301250924719277,08,2030,246
4111116255956510,10,2033,328
4012881243517936,08,2033,359
4242426847589709,10,2031,479
340000680994463,11,2026,9570
5301256955970127,05,2028,637
4012884861568314,04,2031,911
2223008981497787,07,2026,650
2223003077892082,06,2028,280
5301259470081453,06,2031,411
5301251395824570,04,2026,785
4111118788984936,01,2028,248
5301254213873076,12,2032,907
4012880140735716,10,2026,534
5301253708874870,07,2032,659
4012888536475755,11,2031,403
370000792272397,11,2026,1982
4111117043146869,11,2026,874
4000004181420765,10,2026,390
2223000920674568,06,2029,706
4242423839370388,04,2026,693
5301257485440177,07,2033,338
4000006260808216,01,2028,202
370000557195387,07,2027,9973
4242429695224957,01,2031,443
370000705153452,06,2029,4031
4111116179673241,01,2031,832
5105106726503400,08,2027,270
5105100000679390,08,2033,474
4012888749049181,12,2028,222
4111111563535379,02,2029,329
4111116145244606,10,2031,747
2223004268963393,12,2029,478
4242429538741530,08,2027,141
4012882574736004,07,2029,932
4242428745320849,10,2031,341
4242428880721280,07,2026,625
4000000143895185,04,2033,115
5200829439089797,04,2031,340
4111112601096457,10,2028,691
4012889284956525,11,2028,933
5105107734069111,08,2029,650
5301252596809444,06,2031,195
5200822854431636,06,2031,070
340000398833284,07,2032,1572
340000844449909,06,2027,6440
4111118784295691,08,2033,325
370000157542145,03,2032,1946
4012882622097276,04,2027,060
5105104633465532,12,2026,644
4012887272637388,02,2027,122
5105100817783369,05,2031,731
4242421916130584,04,2029,614
2223000427311862,04,2031,749
2223000186387814,10,2031,609
4242424712034695,10,2032,961
5200822553713573,06,2027,323
370000154252383,04,2031,3410
2223005874702133,10,2026,238
4242423354689782,08,2027,342
340000044525565,10,2032,7347
4000008468804104,10,2030,046
5200820965059569,02,2033,856
370000199422454,02,2028,5473
4111117508108099,11,2032,068
2223003462391872,10,2026,417
2223000644653989,11,2029,684
4111113531333218,07,2027,753
4111116148552823,10,2032,916
4111118156915769,09,2031,135
4012884620646195,02,2030,392
370000219627504,09,2030,4610
2223001484639393,12,2027,016
4000000403625470,09,2033,290
4000009101229345,11,2027,860
4242423075128524,12,2031,333
370000378817763,07,2031,2728
4242423553873815,01,2027,962
5301253408151116,07,2032,971
5105109394468260,12,2033,180
2223005073982619,05,2028,778
4000004978386955,11,2031,089
4012882004168745,04,2031,145
4111116889216638,12,2028,333
5105103314482188,05,2028,098
370000779767161,12,2027,6718
4012885651147458,08,2033,004
4111119900463882,01,2032,662
4242427625434217,10,2033,396
4242426105794439,11,2028,307
5200827196962602,01,2030,514
340000432475803,04,2030,0829
4111110110159923,08,2030,390
5200826044209539,04,2033,319
5200824688594712,08,2027,725
5301250127864680,08,2033,452
5200826760366943,10,2029,009
4012888474510324,07,2032,978
2223000588457637,03,2027,644
5301255714748022,11,2031,606
4000002147554768,12,2030,274
5301255773456087,01,2028,184
340000745207521,10,2028,5007
5301258929468584,06,2028,435
5105101679538180,02,2028,401
5200821660111705,09,2028,715
2223008632583985,03,2032,733
4242422420080554,11,2028,861
4012884317390339,06,2030,994
5105103340198550,08,2032,412
4242429702460263,12,2026,717
5105108365954613,12,2026,884
370000529443923,02,2027,7909
370000024193718,11,2029,2911
2223000710813772,08,2027,518
4012882654306421,02,2028,789
370000534430311,05,2026,6559
2223003712871871,01,2026,401
370000202770949,12,2033,2242
340000902854149,04,2032,3023
4242426779910022,04,2032,194
370000083147019,11,2030,4383
4000000819434848,06,2032,160
5301252990987564,11,2027,149
4111112685017338,05,2027,088
5301252554902645,08,2026,337
4000009669126826,10,2033,687
4111117991297730,09,2033,494
4111117746077387,08,2026,650
4000008519536432,09,2026,355
5200827192899725,04,2033,062
4111115661282578,07,2032,571
5200821948675141,11,2032,475
5301258277241948,06,2029,481
4012889982781696,02,2033,470
5200823466615137,11,2032,069
5301259074883767,10,2029,834
5105105853703965,11,2032,123
4242426701343268,08,2029,276
4111110400370164,09,2032,564
5301256765757821,05,2028,943
370000434334712,05,2026,3610
5301252970791580,09,2030,462
4242429850352635,07,2030,578
5200823758701140,09,2030,693
4000001494757941,12,2027,163
340000617093819,07,2027,6104
4242429164539349,06,2026,515
4012884971426247,06,2032,335
4111111987680322,10,2032,198
4012889623494238,01,2026,840
5301257823475380,07,2027,275
4012884303805191,03,2031,070
4012881163225973,06,2033,727
4000006643313322,11,2030,292
4012884936410005,01,2033,330
340000280902817,05,2033,7970
5301254099556944,03,2027,819
4111111696093478,11,2028,245
2223004179644447,08,2030,247
4012888404808558,07,2027,884
4012884657724691,05,2026,945
5200822077693012,06,2031,087
4000001199752619,07,2028,585
370000510117734,03,2030,6339
340000374609013,02,2027,6816
4111119321714285,11,2026,657
340000646212760,08,2033,8101
4012886798905949,03,2033,922
5105107083177606,09,2028,196
4000001837129212,10,2032,951
4111113404824327,05,2027,451
5105105585285596,10,2029,724
4000005619686257,06,2027,199
5301251162112357,06,2027,853
5200820986203972,05,2033,320
2223005608031627,07,2028,954
2223008665112397,05,2026,690
5105101563941102,02,2030,293
5105107735669380,01,2031,203
5301257260743142,04,2029,287
5200829183984912,03,2029,406
4242428427078657,11,2033,973
2223005002275044,02,2027,392
5301259159354833,01,2026,033
5200823058396245,08,2029,865
370000850342082,03,2031,7913
4000000400839975,06,2026,133
4242422930253907,09,2033,363
5105109467627743,10,2028,596
4012885059185183,07,2030,654
340000558251038,08,2032,5697
370000015722988,05,2032,1750
4000008029963308,05,2031,751
4000004516116690,04,2027,700
5200826105742782,01,2027,045
5301253864550306,08,2028,716
4000002933653774,03,2032,196
5301256817922746,08,2029,202
370000288848452,12,2028,8290
2223002833676607,07,2028,585
4000004978032294,04,2026,244
4242427283060163,01,2026,213
370000264045842,01,2029,5345
5105100571011387,09,2031,122
4242420662985894,01,2028,246
5105107960516207,05,2026,609
2223006735751459,03,2028,457
4242428126303133,02,2033,659
370000065814016,11,2028,7921
5200827837246886,06,2030,190
370000993445081,12,2032,5915
4111114355081198,08,2031,508
4012888973858810,10,2027,027
5105101024572231,10,2031,493
4000004483728451,09,2027,304
5105103771663734,03,2032,764
2223003118918938,02,2032,628
2223008959915257,05,2032,156
2223005733745760,01,2026,006
5105108635048238,06,2033,248
2223007122409131,09,2031,731
4012888823631300,01,2033,114
2223001719676038,12,2029,140
2223007840833042,11,2030,143
2223001822660598,07,2033,823
340000991936039,01,2031,7106
4000002179890478,09,2033,351
4111114584156183,06,2031,277
4111117213442486,05,2026,034
4012887223790161,10,2032,880
4000003105192088,09,2028,829
5200821656224140,05,2028,047
4000001893306381,01,2033,992
5200822452019130,04,2029,021
340000312138059,12,2033,5540
4111117370268500,08,2029,913
5105103410783513,04,2030,390
4000001248631681,05,2026,682
5301254715595417,07,2028,560
5301250661030219,01,2032,357
2223009770358842,10,2029,740
2223009551602756,04,2028,085
4242426575467789,02,2031,242
4242422823557315,10,2033,083
2223001940585412,12,2033,441
4242426081444983,10,2026,615
4012881971862967,01,2026,815
5105107740930116,11,2032,307
5301251686751763,01,2030,910
4111119042874764,02,2026,761
340000214381641,01,2030,3516
4111112249306946,12,2032,766
370000770091041,04,2026,4294
4000002922392756,04,2029,270
4000002202866826,07,2028,864
5200826348149183,09,2030,267
4111110544092948,11,2029,267
340000619398737,05,2030,7696
4012888075322145,08,2026,742
5105106527500050,01,2032,062
340000466691010,12,2031,7749
4000002248624924,12,2028,573
5200825352564220,05,2026,549
4000002038951966,12,2028,102
4012881681954401,09,2026,869
370000071011623,02,2028,6633
5200822552805768,04,2032,033
370000579980071,10,2028,2519
4000004802862239,03,2033,321
4111115432384059,11,2029,259
5301250963621343,11,2029,827
4000009697320201,11,2030,077
5200829883015645,01,2031,718
5105100440490101,02,2031,007
5105101674395602,11,2028,393
4242429336802922,02,2030,805
370000946819978,05,2026,9527
4111110077046204,08,2028,191
4111111687023161,06,2026,818
340000593228777,02,2032,5750
5301256941374368,04,2029,436
4111115336221803,09,2028,922
370000204818753,03,2028,5221
4012881110791275,02,2031,325
5200822341634222,08,2033,368
5301257706941243,02,2029,793
4111117737042721,02,2030,108
2223003254857023,07,2032,268
4111113328588966,09,2033,917
2223009001466166,08,2031,999
4111111262162145,01,2031,053
370000174997710,09,2029,1540
5200822851493597,07,2026,668
5200820036694824,10,2033,882
5301253799514195,08,2029,695
4242421176916219,10,2032,406
4012880345015443,09,2032,102
340000884584326,03,2033,1459
4000001236065538,04,2031,751
4242421310603558,04,2028,012
4000001122274517,09,2026,446
4000005657326675,09,2032,494
4111113845547388,01,2027,417
370000078967793,06,2031,5670
370000670630609,02,2028,6652
4242427449144745,07,2027,966
5105102928688149,01,2029,119
2223007209180407,10,2030,294
5105109846111203,05,2026,310
4111111558439595,09,2033,940
5200825354546373,05,2030,701
4111117070694484,07,2028,485
5105105767047731,06,2028,746
5200820087932362,04,2027,219
4111113986601929,03,2030,523
370000930215928,11,2026,7623
370000485922357,07,2030,5195
4111118029440508,10,2030,496
4012882305641572,12,2026,834
370000077230516,07,2028,1058
4111113658185417,08,2033,902
370000823229739,02,2028,9846
5105105643598998,09,2030,003
4012886996021887,06,2026,399
4111113816552813,02,2033,888
4111110109255526,09,2029,466
340000107845470,01,2027,6366
2223003160683927,10,2032,916
4012889557679473,09,2028,050
5200825365961371,07,2028,297
5105103828850607,02,2030,790
2223004065105339,08,2027,248
340000146684070,02,2031,2961
4111116403048566,05,2032,758
4242420070234810,06,2028,393
370000628001143,01,2026,4256
5301254950422772,04,2028,004
5105102927148152,12,2029,951
5301256183393779,12,2027,876
5105104891393111,01,2026,567
4000003616983207,02,2032,437
4111110942192381,06,2030,730
340000219819579,07,2031,1015
4000006306495754,12,2027,781
5105106186383871,12,2033,024
4242421464905437,09,2032,688
4012884431456321,08,2027,144
4242423236857334,11,2032,035
4000005214797806,07,2031,653
5105108010030959,05,2033,152
5200826519011295,09,2028,785
5105103534109579,06,2026,196
340000433697470,10,2030,7191
5105106682825334,10,2027,708
4012889145497495,06,2028,864
2223000782484957,01,2033,355
370000940081872,07,2031,0112
5105101741488414,12,2030,291
4000003971362559,03,2032,473
5200828101999432,04,2031,364
4242425413340901,07,2030,764
5200828193493088,09,2033,302
4111117861521110,07,2032,493
340000646713965,02,2026,1660
340000971871263,05,2028,9142
4000006112265003,06,2028,490
5105103388620143,01,2031,171
5301257183914945,02,2033,333
5200825451978008,10,2028,489
4111118342301734,01,2033,375
5200823123402655,08,2029,824
5200822387297181,07,2031,020
4000003200459432,01,2028,614
4111116744836190,12,2027,238
4111118466569116,07,2031,490
370000691681078,08,2029,9254
4111110985457386,11,2033,233
5301254627053414,06,2026,091
5200823819053366,05,2026,333
5105105638853093,08,2033,994
2223002791850855,02,2027,630
370000340953266,03,2033,6489
5200820524611066,11,2030,710
5105109286185063,07,2027,631
4111117576466056,12,2029,887
5200826259054711,05,2031,106
4111115562416663,07,2030,359
5105103167931174,06,2031,795
370000996667921,01,2027,8988
340000095633995,09,2033,4697
370000884287451,05,2029,3777
4000006195855357,02,2030,060
4111118695024438,07,2027,091
4000008246787035,06,2028,184
5105100590411436,05,2030,871
5105109010645309,10,2026,000
4000002635180068,05,2030,723
4012880536558664,04,2026,553
5301252487746697,04,2032,644
4111111508568469,02,2030,298
4111118379074725,01,2028,759
5105101778053065,08,2026,911
4012885871675031,04,2027,531
2223008592639637,06,2030,126
4242429800924525,03,2033,474
4012886715963815,06,2030,071
4242426111460686,12,2030,694
4242427587507992,12,2027,035
4111112249410672,08,2033,569
340000058935411,02,2026,5329
4242428245641728,08,2029,779
5200823520458367,07,2026,183
4012889318464843,08,2031,549
340000590484183,07,2031,9545
5301251163791159,03,2028,232
5200825269065964,05,2026,036
4000002662136496,05,2028,986
5301252623908961,10,2030,803
4012880192158825,02,2026,335
5105101426904727,08,2030,586
4111111614204371,01,2030,978
4012881260223053,07,2031,136
4242420442416269,07,2026,330
4012886427346978,12,2031,514
4242424780662864,06,2032,816
4242425233938033,05,2026,667
340000524834370,08,2027,7688
2223009086490446,07,2029,785
370000142631391,10,2030,9241
4242428979192310,09,2026,033
4012886167788207,05,2026,524
4012884151058539,07,2028,823
5105101232494608,08,2031,875
4000006959904672,09,2032,783
4111119170187559,02,2026,454
370000152111664,06,2029,2264
5301258669895061,06,2029,346
4000007776584580,03,2030,076
370000094850049,02,2027,6432
5105104461529136,11,2028,146
4000000784593842,02,2028,914
5105109501819587,12,2029,608
5200820131386474,02,2032,447
4242422779194394,10,2033,395
4111115827794193,08,2027,705
4111117445163496,06,2028,763
4000007467741960,08,2027,279
5200824465357879,04,2026,233
5200825511975630,01,2027,739
4000009013624716,07,2031,021
4012884939947672,04,2027,803
4242427829142780,05,2031,565
4012887727657452,09,2027,041
4000001696447796,09,2030,965
340000007792467,01,2029,8987
340000726823684,08,2026,5546
5301256975392427,09,2031,933
4000008545562287,03,2031,688
2223006815695659,02,2031,885
5105103333641855,11,2029,753
2223005151957780,09,2029,988
4000006693115627,11,2030,845
2223007702385099,07,2029,818
2223007385492287,05,2032,519
4000007615167878,01,2027,653
4012880201181602,07,2031,047
370000887324012,05,2033,2361
4242421752722619,06,2030,336
370000626692166,06,2033,0033
370000024015176,02,2029,0508
4111112479834898,09,2029,068
370000246481842,08,2030,1324
4012882639969822,04,2033,333
340000885916600,05,2031,5268
5200827635514261,10,2026,850
5200829609858344,12,2028,605
2223006940133006,10,2027,173
4012882324737815,02,2032,232
340000435079644,07,2032,0293
5200822618999639,09,2030,181
4012880056014387,02,2032,076
4111114754463930,01,2028,105
5105103247335677,02,2027,688
340000195187264,03,2029,2726
340000453606252,09,2026,3322
340000957152647,12,2033,7177
4012883132137214,02,2028,614
5105104885976442,04,2031,473
370000309409011,06,2028,4307
5301250027636782,09,2026,073
4242426973620153,09,2030,740
4111115949169092,10,2027,621
370000127442194,03,2029,5312
370000991179153,07,2029,4662
5200821777679925,04,2033,966
340000302403604,04,2030,0618
370000521969131,10,2030,2182
5200822808287480,12,2032,100
5301250042177481,06,2028,783
4111113232102730,11,2029,930
5105100317270909,09,2032,119
2223000952177266,11,2031,853
5105107632951972,04,2031,547
5105100207866063,11,2026,473
4242426817860437,03,2032,501
5301255311041672,10,2028,904
370000359394626,09,2028,2616
370000710763287,05,2026,1843
4242422001239421,12,2028,024
5105109993544727,04,2029,932
4012881686742637,05,2031,029
4111110520329991,04,2030,839
4111112306083669,11,2029,651
5105104903540337,11,2029,025
2223004840812225,11,2028,883
4012882244183678,08,2029,969
5105103797651507,09,2029,562
4000004227260381,09,2030,419
4111117815474267,08,2026,958
5301259406148707,01,2027,134
5301257011307437,06,2028,559
5301256256708697,12,2029,279
5105105516525706,04,2033,938
4242421351399264,05,2028,193
4000000016836308,03,2027,809
370000019369166,09,2028,1396
4111113493218928,01,2027,020
4012881815619409,03,2029,427
4012882557558300,08,2029,567
4000007195432791,03,2026,682
370000736310188,09,2031,4164
370000101604736,01,2030,3968
340000245696587,07,2032,5257
5301250243617806,10,2033,779
370000995523026,04,2030,7831
4111117268626900,11,2033,833
4000002387484809,11,2030,766
5200826235781999,06,2028,386
5301256533932144,08,2027,486
4111114723165905,08,2030,802
2223001752497276,11,2032,895
4111110131878329,04,2030,220
370000524152982,07,2027,5954
340000521927334,09,2033,4375
4012880793877716,02,2027,562
4000001979091949,09,2033,770
340000325619210,04,2026,9781
370000336184850,02,2033,3930
5200821947873531,10,2026,073
4000006852728046,06,2033,083
4111116230346910,08,2026,062
4000004500351782,06,2026,306
5301252327620987,03,2032,375
2223009376794085,07,2027,280
4111119373530183,08,2030,079
340000701585100,04,2031,6409
5200829973571119,09,2026,301
370000672385350,02,2030,2299
5200828632669389,07,2029,808
4012889808035343,10,2033,104
4111112083033986,10,2027,305
340000258653491,11,2030,2281
4111111319191915,07,2031,774
4111111414026149,07,2027,727
4111119753506720,04,2032,586
4242422830691768,06,2026,548
2223007878512039,10,2030,364
370000989338787,12,2029,5831
5105109280646730,05,2032,049
5105101581624078,11,2029,547
4000000817591953,08,2029,608
5105103319488008,12,2033,848
4000005709359245,12,2032,120
340000486483950,02,2031,9173
4012883832163635,05,2032,623
4012885573276062,09,2029,463
5301253395154511,07,2029,624
5301259414046042,10,2033,526
5301254013676638,04,2033,033
4111118692544560,12,2031,352
5200828312107627,06,2032,103
5105109586892764,10,2029,785
4000007287219999,04,2031,561
340000130014540,12,2030,3228
4111111066882328,09,2030,574
5200829953352506,10,2028,820
370000975812399,05,2028,4249
4111115866086147,01,2033,694
5301258280177030,06,2027,495
5105106275602124,02,2029,491
5105102161257123,04,2032,198
4111115345450070,06,2026,537
340000335124300,11,2026,0298
5200829527443518,05,2030,812
5301258731620794,10,2033,206
4242425948166177,07,2028,857
2223007566938884,12,2028,787
340000818601113,04,2033,2301
370000442030708,11,2026,7563
4111119145463895,04,2030,430
4012883839287114,08,2026,095
370000201943075,02,2030,0728
2223001923533876,03,2032,569
4111111602718465,04,2029,150
5301259348702991,07,2027,620
4000009671819533,11,2028,125
5301255454339065,01,2033,113
4111110009672044,04,2028,169
5301253632889465,04,2030,438
4000009334734889,03,2026,246
5105108049321775,01,2027,289
4012889837393747,06,2028,408
4242424610420814,02,2032,582
2223009846059754,04,2026,585
4012887040989442,10,2031,822
5200827336424414,02,2032,026
4111114267508338,07,2032,149
5105107102937014,12,2032,642
370000165963580,10,2030,3854
2223002870930958,08,2029,022
4012883271815943,05,2031,644
340000528292237,02,2032,0223
5105101821808481,08,2032,871
4012880968481070,08,2033,368
4012885314631096,12,2033,546
5301256450252302,02,2032,664
4111112621671081,09,2029,615
4111116138568490,09,2026,212
5200829880824825,02,2030,506
2223002893039845,05,2027,418
4111115585386398,05,2033,841
2223008127733681,12,2027,561
5301259348796019,06,2033,567
4111118956467573,08,2030,190
2223007524248236,05,2029,517
4111112615090108,02,2029,419
4000007593576074,09,2033,860
4111116095979607,01,2031,766
5301258906037535,08,2028,163
5105102208241833,01,2027,065
340000228802772,09,2030,1156
5200823280363963,09,2026,600
4000007864167710,04,2031,929
5105100406628744,04,2026,595
4111115982048716,04,2032,488
4012888275124564,12,2027,050
340000363175604,12,2029,7139
4111116691600805,12,2032,838
4242425588489285,03,2027,367
4242427865496702,11,2030,538
340000501062599,10,2028,5192
4012880817410312,09,2029,287
340000844653872,05,2030,2820
370000418675494,07,2030,8973
2223005626708644,03,2032,232
4000007366444088,07,2031,875
2223000355429025,09,2027,369
4242427317428626,06,2029,285
2223001777873790,02,2033,422
4242423605697626,10,2032,601
340000652683573,06,2029,0383
4000007302404600,11,2028,765
5105105263895625,01,2033,686
4012883756077845,07,2030,395
340000892172924,08,2028,1458
4012888932727726,03,2027,413
5200826715171612,11,2029,326
5105109946024207,09,2033,385
5105105159566645,08,2028,834
2223003463587692,03,2033,755
5301254178438220,01,2033,725
2223006655384638,03,2029,352
4012886267928513,10,2031,142
340000827957829,07,2033,0202
2223002126441719,05,2030,400
4012888190478558,12,2033,619
5301254062079932,07,2028,608
340000767855819,09,2033,2846
370000934691306,12,2030,2667
2223009579913201,05,2029,305
2223007712566316,11,2026,191
4111111747033028,06,2033,311
4000000980150868,06,2028,892
4111118264666817,01,2028,974
370000030477758,11,2033,7267
5200827482426478,09,2029,115
4000004164552766,06,2033,042
4012884491184615,10,2030,511
5200820641456809,01,2032,408
340000239748972,07,2027,7394
2223001495000007,03,2032,687
340000070228381,11,2032,0919
340000756160163,07,2027,3803
5105103668238384,11,2029,861
4242429231264400,02,2028,961
5105108662570450,02,2031,875
4000009226674722,07,2027,413
5105104592627684,12,2029,629
4242427061927245,02,2033,100
4242421962591556,05,2031,758
5200826427436212,08,2028,421
370000479697239,07,2029,9862
4242424027375106,06,2032,022
370000684058243,12,2032,5465
2223001552553484,09,2030,472
5200828304458699,10,2032,874
4012888542268194,04,2026,283
4000002918494475,11,2029,214
4242423007102506,03,2029,416
5200825449575932,01,2031,430
4242427956572064,08,2031,451
4000004850894316,11,2032,644
4242420706354677,05,2033,380
4242426989281289,05,2026,407
4012887386319683,08,2027,989
370000563838129,10,2026,6848
2223004976873264,07,2031,265
5301254460677345,02,2027,774
4111111849028041,04,2029,787
5200822144731589,05,2030,606
340000550785348,02,2030,3588
2223001996486580,08,2026,208
4000002701044198,01,2031,108
4012880321994280,10,2032,195
4242428266659435,11,2027,623
5200827712833238,04,2028,607
5301257343597408,04,2027,000
5105108696031685,08,2027,901
2223007942273253,08,2030,216
2223008680315868,11,2033,783
340000222549841,03,2029,1535
5200820877950566,11,2027,171
5200822181658539,07,2031,187
4012882969087062,02,2031,005
5301259765687451,05,2032,486
4000008231389193,12,2029,523
370000988456150,03,2027,4287
5301253962607156,03,2026,638
340000730720025,05,2030,1580
5301258636539297,12,2027,593
2223003683567664,11,2031,314
340000841529331,07,2029,7454
4111113578189093,01,2027,148
4111116398721946,02,2029,549
4242424601766217,10,2033,687
4000002424213435,12,2032,071
2223006419308204,09,2031,229
2223007257994998,12,2031,536
5301251151108887,03,2027,790
4111112035679613,05,2026,077
4242427517574005,02,2029,426
5301259166213352,04,2033,081
370000758390621,11,2032,0749
4000008604303532,09,2028,439
370000124645294,07,2030,6820
5200820268367503,11,2028,224
370000893712887,08,2032,1018
5200822002090086,10,2033,176
4000006533835301,11,2033,455
5301257552402126,08,2031,279
4000003240705059,08,2026,959
5105102406624046,09,2033,564
4012882158716729,06,2029,497
5105109804308452,10,2032,693
4000008847374118,03,2031,289
370000738257213,10,2031,3935
5301254179762669,09,2033,734
4000007512222206,08,2027,752
4111119051508196,11,2032,874
4000002256881192,07,2032,253
4242420426105904,10,2026,792
4012882724660047,09,2029,916
370000422931867,04,2031,3752
4000004368831867,10,2031,715
5301250911400972,02,2032,401
4111119726599885,08,2033,560
5105100963753281,07,2026,725
4242420952804300,11,2030,841
4000009349444490,01,2026,446
340000286768584,08,2028,3371
5105102357064440,02,2031,619
5301259782729948,01,2033,108
2223001165844460,10,2031,158
4111118792562017,01,2030,190
4000004144492489,03,2028,641
2223000057899657,12,2031,860
5105103268083693,06,2027,268
340000482380408,09,2031,8478
4111116493179909,04,2030,423
5301254127396990,06,2032,070
4111111125112527,05,2027,526
5200820751200823,08,2033,010
340000431337848,06,2031,2972
2223009658204712,05,2029,477
2223000657095508,11,2027,534
5200822874469756,05,2026,124
4111113980988751,07,2030,132
2223005941689040,07,2027,375
340000354351099,12,2027,1972
4012888065796944,09,2026,315
4242423593328168,04,2027,805
4000001721063030,06,2027,129
4111117428022800,06,2032,409
340000921779459,03,2027,6410
4000000665433878,04,2032,034
4012882407504298,10,2031,987
5301251057892402,11,2029,482
5105107923675819,01,2033,046
4242420448409938,06,2028,484
4012881481554849,01,2030,121
5105108018512594,07,2026,437
4242428542793149,08,2028,047
4012887339283796,02,2030,340
370000027812447,04,2027,8796
370000446984322,06,2033,4048
370000035397290,09,2028,5076
2223005244428534,01,2031,097
5200826625592329,11,2033,962
4111119645390440,08,2029,801
5301251224406425,07,2030,272
4111119823498049,05,2032,550
4000002454506336,01,2031,308
4242424336132040,03,2033,765
370000964040838,11,2029,1129
370000777656895,06,2032,6514
5105106862633573,05,2033,890
5105104871201656,12,2027,335
4012884335860347,08,2031,622
5200821068203856,07,2029,072
4012882517847975,06,2030,711
340000523245511,01,2029,4772
5301257327093432,08,2027,996
4242427935848585,12,2026,516
5200826138343004,04,2027,800
5301253912918109,07,2032,861
4242428856893865,06,2030,427
5301254363513464,11,2026,735
5105108100029598,01,2026,149
2223003420804958,01,2027,223
5200828637983462,05,2033,672
340000060794756,12,2031,2687
2223004086423885,12,2032,025
4242422135726525,03,2033,399
340000368627617,05,2026,8575
370000078874338,10,2032,1634
4012889641466473,06,2026,473
5105108178002865,11,2029,282
4000008913722620,07,2028,391
370000068039272,04,2028,7335
4242429034482894,06,2027,530
5200826934906475,09,2032,690
2223003007143580,07,2033,344
4000007905267099,02,2033,597
5105102087675069,04,2032,701
4000009316986044,09,2027,339
370000099430250,03,2026,8678
340000555230878,08,2028,1717
2223008791278385,06,2033,916
5301258176856044,12,2031,412
5301253644346249,09,2033,517
5200829912515300,06,2026,560
5200824444816425,11,2033,351
4012889709743128,01,2032,086
370000964533055,08,2033,6246
2223005107815694,06,2032,495
4242427391364101,04,2029,370
5105106779654506,10,2031,589
370000179965332,06,2029,6747
2223004522106367,02,2032,455
2223008021981287,02,2026,525
4000009798179605,09,2028,819
340000096423891,08,2032,8888
2223001509646027,12,2026,905
5200821996934077,04,2033,710
370000283945485,04,2032,3303
370000897572204,05,2030,2909
5301255112305862,02,2033,552
2223004434984190,11,2028,864
4242422092185533,09,2029,422
5301255896545501,06,2030,138
5105104781798841,12,2032,623
4111113111116363,11,2030,287
5200824147883649,03,2029,322
4111119931674853,09,2029,622
5105106586997445,08,2029,339
340000026197581,01,2030,8191
4111110395221059,04,2026,093
5301256997484574,12,2031,999
4012883197948406,04,2031,352
4012888958280881,12,2032,154
2223009287425928,05,2033,266
5105107890686914,10,2029,808
340000229598106,01,2032,9838
5200822339108213,05,2028,980
370000381302779,10,2030,4162
5301252641426475,04,2033,192
5105103719471083,01,2027,142
5301258927876770,02,2029,947
5105106042525640,01,2028,383
5105102906489833,04,2029,893
4111110812760465,08,2031,952
4242427198951449,02,2031,913
4012884843102034,03,2032,622
5200820107953109,11,2033,855
370000299954554,05,2032,2874
5200826600285832,01,2027,181
4242422104777970,10,2032,673
340000606051307,10,2027,3267
2223006608914259,08,2030,754
4000008801220539,06,2029,912
4000002513076677,06,2026,803
4012883608641244,01,2027,971
340000675665250,01,2033,5406
2223001064663672,03,2029,857
340000352957210,03,2029,5587
4242423335178475,12,2032,306
2223008765076955,07,2031,573
5200828971724522,05,2026,629
4242427892972352,06,2031,459
4012881424858687,02,2033,349
5105103415251268,12,2027,731
340000952388576,02,2031,0909
4242423892523576,01,2030,972
5105102334281703,09,2026,378
5301250624298770,10,2031,434
2223004939812037,06,2026,000
4242425083990639,06,2027,284
370000892769599,09,2027,4487
5301259614255153,05,2026,551
5105105295901219,04,2026,856
2223004122299919,08,2027,281
4242427850399036,12,2026,123
5301254095545677,01,2028,888
5105100208107129,12,2029,977
4111119226495162,07,2032,153
5301258898308589,08,2028,867
5200821318693195,03,2026,657
4012883733749391,10,2028,356
370000928199472,06,2033,3786
5200827096568079,02,2029,686
4012883583432205,01,2029,000
5105102477429317,05,2030,806
4012885453088371,09,2029,016
5105103158303359,12,2027,558
2223001315928973,10,2027,727
4000002494416892,01,2033,458
4242424634034617,03,2030,651
4012881003550812,08,2030,533
370000699243285,02,2031,2850
5105103659461615,05,2031,755
4242429024910672,06,2029,065
370000386522256,07,2032,0291
340000657919360,07,2029,4475
370000678044688,03,2027,1639
2223008310118203,03,2026,059
2223001513625686,01,2027,773
340000666436398,09,2032,0608
4242427006992114,07,2032,590
5301250838246227,06,2028,008
4242429109613340,03,2031,338
340000223614974,10,2029,5476
4242420029151263,01,2026,189
4111111596473507,07,2031,356
5200822799563691,10,2029,624
4000004243929753,04,2030,192
340000384485313,12,2032,2889
4242428971660272,01,2030,890
4242420183014414,02,2032,468
5105104426391242,05,2032,539
4111110787849574,03,2032,515
340000535926017,12,2032,5778
340000380126549,09,2030,7102
370000798021822,10,2033,8024
4242422711126496,08,2028,995
5301253677875486,02,2028,561
2223001647450878,02,2030,412
5200827204075983,01,2027,726
5200829537509274,10,2026,517
5301256838308974,04,2029,532
4242427668579266,05,2031,036
340000153635999,08,2026,1411
340000088857726,10,2026,2125
5200823735434112,10,2031,934
5105103885855408,10,2031,143
5301257648836600,05,2033,820
5105101755986485,12,2028,523
370000326070515,02,2033,3814
4242428994026113,04,2026,966
340000432606258,02,2030,4172
4012881235014538,12,2031,518
2223005599446610,04,2028,337
4111119864076399,04,2029,978
4111110618359512,03,2032,165
340000280046011,03,2028,0679
2223001666173278,07,2033,719
370000693624563,01,2027,7256
340000724087480,02,2026,3257
4012887182927689,11,2027,076
370000196232930,12,2032,3713
4242428128343939,02,2033,523
5301257096451126,04,2027,097
5200827157028278,09,2033,142
340000336996706,02,2028,5670
4242424724414620,05,2028,275
5105108772188680,04,2030,174
4000009829194763,04,2026,027
340000740354567,06,2028,8481
4000004487110490,06,2032,699
5301257806961018,09,2027,524
5105104920424739,03,2028,192
5301255800618980,12,2030,320
5105100258268599,01,2027,516
4012889089630101,11,2029,594
5301252012586287,11,2027,347
340000824756752,11,2030,1211
4242422279056184,10,2028,609
4000008214067121,04,2030,180
370000558562080,01,2029,5655
4242427744045290,06,2032,032
5105102047521403,09,2028,496
4242429922164950,06,2029,365
370000281406688,09,2033,7299
5301259584602343,04,2027,534
5200822567112754,11,2032,577
370000971748415,02,2027,2479
4012883993785895,12,2027,261
4242428621370769,06,2028,505
4242421544705153,08,2028,034
4242429913527496,04,2031,303
5105106600276107,06,2032,234
5105104451110277,07,2027,865
4111116865586574,10,2031,961
2223005877372660,06,2032,449
5105103864426452,08,2027,928
5301252119921890,06,2026,652
4012882887770773,09,2026,579
4111115792342820,01,2033,971
4012880369984698,06,2031,184
5200825234544580,01,2033,647
4000008810008057,05,2031,244
370000054909868,10,2028,9207
2223008134370881,11,2033,059
4012887128278734,02,2030,177
2223002192269630,04,2032,187
4111110688143960,12,2028,689
340000458853255,05,2030,1038
340000535051899,09,2032,5704
4242421933618587,10,2032,741
5105105677039075,04,2033,367
4111119228717209,05,2027,548
4242421417382999,07,2033,720
340000375085841,06,2026,4204
340000980542863,07,2031,4850
4012884217189948,06,2029,614
4242428077325556,08,2029,273
2223004117566793,10,2026,984
340000340852283,12,2026,3746
4111119455641791,06,2029,583
5105105890937188,04,2026,463
5301257106072797,12,2029,452
5105106215773951,10,2027,419
4111112624930120,07,2026,262
370000199365075,06,2030,7731
4111118981768532,05,2027,298
4012889161885516,09,2031,740
4000009094474478,04,2031,916
2223002081291638,12,2033,090
370000603822331,03,2028,6263
4000000306433949,04,2030,736
4000007955565053,01,2032,932
370000225116807,05,2026,7645
4111114648416011,06,2032,098
4012886377844790,12,2030,273
370000892903370,05,2026,0568
340000121887888,06,2030,6781
5301253450706767,04,2029,061
4242420936603562,01,2031,936
4012882011095022,10,2031,100
370000718471297,11,2027,4880
4012889502108966,02,2028,745
2223009086440573,01,2031,009
340000974968934,10,2033,3111
5200824954696464,06,2030,337
340000535312945,11,2033,8233
370000111175990,12,2027,3105
370000312288733,11,2032,5001
370000356055972,06,2032,9207
5105103778912670,07,2032,870
5200823966936934,08,2032,935
4242426474126866,07,2028,240
5105101077338704,04,2033,302
4111114318172068,09,2032,935
5105100500322921,08,2031,909
5200823995681519,05,2030,003
4000005683973326,01,2031,357
370000013344397,03,2030,9889
4111112850882573,04,2031,241
370000109836298,09,2029,6889
5105108524888504,01,2033,653
4111114756768989,01,2030,834
370000625344652,05,2027,6909
370000227535269,10,2029,2348
340000489434661,04,2032,9407
5200820107453084,08,2033,838
4111119143158737,01,2026,018
340000313081019,10,2027,0636
2223002722762930,01,2032,369
370000015482427,11,2026,6914
4242427226702236,08,2033,315
4111118756060453,02,2033,794
370000053993608,11,2033,8412
5200824088886247,04,2031,950
4000000057995443,04,2033,143
2223007650926571,12,2030,815
4012886399750066,07,2028,614
4242429706810380,07,2032,899
4000000350013399,05,2029,819
2223006247393352,09,2033,616
4111115792809182,03,2027,425
2223005890467737,12,2029,402
5200820084448545,06,2030,165
4242424410472684,09,2027,286
2223004160245394,06,2033,263
5200828255778665,01,2027,961
4111117296828098,09,2028,199
5105101523255262,03,2028,939
370000837750704,08,2027,6887
2223003748008563,02,2030,923
5105101152686076,11,2028,287
370000712294059,03,2028,9129
340000936233658,07,2030,4577
340000652509463,11,2028,0522
4111111687237381,07,2028,832
4111113692413627,01,2027,671
340000801205088,02,2027,4462
2223009062231806,12,2030,483
5301252711419210,10,2031,004
4000009450233880,06,2032,769
5301251108455233,09,2029,235
4012884925658697,06,2031,767
5105105407601426,06,2032,439
340000169300117,01,2029,0584
4000002583738396,05,2032,341
5200827795956179,09,2029,907
5301259027075891,08,2031,534
340000420199563,10,2031,7610
4242422362421063,06,2033,741
370000372168312,05,2028,6544
370000745239915,10,2029,4142
4000007362581479,06,2026,174
4000001756262150,01,2026,001
5105100072824031,04,2026,154
2223001462042149,08,2027,692
5105108795332133,03,2028,572
5105103077120090,04,2032,232
4012881615235976,03,2032,326
5301257337658281,04,2030,332
370000166429490,03,2033,7286
2223001163069870,04,2033,897
4242429288871990,05,2030,127
4111113304132342,10,2033,131
4000005497728114,04,2026,366
5200824502464258,03,2032,582
5200824046416376,10,2033,295
5200828030702113,02,2027,749
2223004885628007,11,2031,962
4242423382886186,12,2032,062
340000820163912,05,2028,3307
4012884525661497,05,2027,657
5200821587730785,06,2030,070
2223003847343721,02,2026,465
5200827845971624,11,2027,837
340000607060596,09,2028,8979
5200826417569451,06,2031,677
4000000322073166,02,2026,661
370000125065922,03,2030,1940
5105105393887807,03,2032,441
340000849387492,11,2027,4614
5105109045098227,04,2032,359
5105107570647368,05,2027,834
2223008374622918,07,2027,626
4111112831810891,12,2029,841
2223003432923721,09,2031,437
5105105215887068,05,2026,031
4000008949236207,04,2028,155
5301259124741288,09,2031,697
340000043377844,11,2031,3117
4012886085021111,07,2033,401
370000796396390,07,2026,6240
4000004315819783,02,2026,950
5105100855342417,05,2031,485
4242427098334423,04,2027,674
5105108879584310,08,2032,320
340000550059140,08,2028,1948
4242423955376334,12,2026,609
340000954767348,03,2033,6457
4012889525943159,01,2027,976
5200823670412651,05,2026,174
5105103979787301,07,2032,072
340000556423316,08,2032,7217
4242420290779446,01,2029,480
4012881492071957,07,2033,337
5301253531809002,12,2033,252
5301258152782438,05,2029,213
4000001653261792,05,2031,918
340000225054062,07,2033,0014
4012887623678891,05,2033,797
5105108919832505,09,2033,417
4012885945425900,03,2028,761
4242425800262627,08,2028,721
370000158111866,11,2033,8845
5200822534216506,01,2027,275
4111118464214525,08,2032,433
4111113228915517,06,2032,849
5301253063834816,09,2030,872
5301257346638183,12,2028,119
4242421543357790,01,2032,740
2223008688464817,10,2028,980
370000204491544,01,2031,1397
4242421187849011,01,2033,961
4111113542904833,01,2026,794
5200820370806448,05,2031,243
340000611425181,08,2032,2333
4242428276719575,11,2032,770
4111118413137991,06,2026,715
340000283092830,01,2030,5972
4111117208456327,09,2027,244
4111113172994179,12,2032,484
2223002805204560,02,2031,738
340000290103026,07,2031,0695
5301257111292869,01,2029,627
2223002500790350,06,2031,806
4111112581642247,11,2030,260
370000268799394,03,2028,9333
4242424115831341,04,2032,673
340000979112918,05,2033,4223
5301256509943265,06,2031,736
2223004450402226,01,2028,357
4111118017104975,10,2033,313
5200823405709306,02,2030,333
4000006611567206,08,2026,236
4000003520954021,07,2032,494
340000416514809,04,2031,6453
4111114731820558,03,2026,051
4111113423594836,02,2026,920
2223006602446688,08,2033,983
340000542948426,07,2033,0581
2223005922025420,06,2027,427
5301258993044246,03,2030,751
4000002652028315,10,2030,711
4012882577100927,09,2027,468
4012881930242053,07,2030,245
370000302172855,06,2029,3849
370000617424157,12,2026,0823
5301259627145482,12,2033,699
4111113927725035,09,2032,619
4000004528503935,01,2026,737
5105101245124341,11,2031,060
5105101070833230,03,2027,827
4012880428644374,08,2030,648
370000202535862,06,2026,6117
370000722058593,09,2031,8976
5200821697197362,10,2031,593
340000265305044,08,2027,9692
5301254619591116,11,2026,175
4242427669332251,08,2026,116
4012888882297985,11,2033,332
2223002269346659,12,2028,980
2223007470716376,09,2033,127
4242424576244059,04,2031,717
4111110935925961,09,2031,942
4000000363429541,10,2031,183
4111116220044806,12,2028,047
5200820189548561,12,2030,085
5105108666242031,12,2030,938
4242420628291239,07,2030,868
4242429863001781,03,2029,258
4242427322714648,05,2033,030
5301252801095417,10,2026,627
370000142383522,10,2028,8952
2223007137849867,08,2029,095
4000002216849800,01,2026,612
4242428705622515,11,2029,830
4242429516741262,11,2026,085
370000059211872,05,2027,9686
340000889320262,08,2028,6053
4111119492434697,04,2026,511
5105108976144190,03,2026,772
370000304029541,11,2028,6679
4242426786353273,11,2030,368
4012883167266607,06,2026,671
5301254348453232,03,2028,993
2223003162174883,08,2028,861
340000924874455,07,2031,7874
4111113561030437,04,2032,481
4000001832217574,04,2032,162
370000460725742,12,2027,4686
4012882519034655,01,2031,232
340000785450940,03,2029,9332
2223008491907432,02,2032,883
4012883096649774,05,2028,240
4012881647140426,12,2026,746
4000009010281288,10,2028,977
340000531691508,11,2026,1281
5105107648139059,04,2031,046
4242421558169346,01,2029,327
4000008519572809,10,2032,692
2223008530402445,09,2030,853
4242426797899108,04,2030,327
370000697991364,11,2032,9012
5200823062144714,06,2029,244
4012882275376621,02,2033,856
340000992796432,09,2030,8874
370000401837085,12,2027,9124
2223000474924971,05,2026,901
340000822850193,10,2026,6085
2223003935542325,12,2031,650
4111113929056223,09,2026,965
5200827270460614,06,2029,692
4111113940825374,12,2027,340
4242421991273861,12,2031,866
4012885369097144,01,2026,063
340000874537664,08,2027,9552
5200824686891706,11,2028,574
4111110131810942,01,2026,305
4000000690897113,12,2026,667
4242420170390504,09,2033,702
4111112945188952,03,2026,452
5200822558325886,10,2031,490
4242428036539875,10,2027,118
5200826771813578,06,2031,749
4242427801956009,01,2027,505
4012886528583826,12,2029,682
370000442462224,08,2032,0769
2223007849678000,02,2030,769
4242421154485781,03,2032,356
370000659341400,05,2027,3172
4242426505535390,11,2028,742
2223009955213119,10,2026,381
2223004572079183,05,2031,639
2223000619828657,02,2028,275
4242424058636574,08,2030,813
2223001258145189,07,2033,237
5301251258637564,09,2033,087
5105101022305006,01,2026,929
4012886768697849,10,2033,542
4012882990371527,09,2026,631
2223009929373247,03,2031,369
4242421222542084,03,2028,290
4012880705456609,06,2030,582
4242427048018142,03,2031,849
5301253449803287,11,2031,639
5105104140571806,03,2030,551
5105107693339885,02,2028,979
4111116532338672,12,2032,794
5301255860699805,05,2029,998
340000777868562,06,2028,1593
5301257363259368,06,2029,121
4012882653398551,11,2031,485
4111111307154313,09,2028,049
4242423661615397,05,2033,155
4000001049685753,03,2032,051
2223000662350617,03,2027,942
5200822974654588,11,2026,540
340000948552129,05,2030,3334
5105108860617822,06,2033,363
370000757113198,01,2033,6927
340000793218313,06,2031,9638
5200822762731598,04,2032,045
5200826334517351,04,2030,718
5200828844324518,04,2030,859
4012889129112664,01,2032,976
4111116565825215,01,2033,238
5200824773177811,12,2028,374
5301250214237428,09,2030,398
4000001201184603,08,2031,912
370000730753805,04,2026,9995
370000684571559,06,2033,9377
5200824933644213,02,2026,159
4242423146423706,01,2030,613
5200829596265925,06,2033,280
4242427725058957,12,2027,531
4012887526808397,06,2030,702
5301250642671115,09,2031,244
370000076089749,11,2028,4329
4012881649049559,09,2032,323
340000610713926,03,2029,4477
370000459482313,12,2032,5211
5301252383978980,03,2030,650
5301257489771023,12,2026,743
5301254820722807,03,2027,054
4000006480843571,01,2030,378
4000000356923047,06,2031,055
5105104609739373,10,2028,840
5200824894494392,05,2029,265
5301253449034073,10,2027,682
4012881258825364,11,2031,702
5200826301396540,09,2031,873
370000287508057,03,2027,0093
4242427442460841,06,2031,167
5200824483652780,08,2032,423
4000003100689716,02,2032,537
5200825368479751,04,2031,468
4000007940518621,02,2029,595
5105106105000739,02,2030,981
5200828412585458,03,2032,120
4012886761100619,10,2027,703
4242422224202396,05,2032,550
5200824941709883,11,2030,310
5105108520279641,10,2026,894
5301250000791349,03,2026,892
4242428308263238,06,2026,918
4012880455958572,02,2033,409
4111113823709950,11,2033,348
5200829909557158,03,2026,942
5301255391031791,01,2026,225
5105104805522599,10,2032,219
2223006523796021,03,2032,736
5301258909796681,11,2029,902
5105108656487372,05,2029,175
370000659400693,01,2033,1285
5200821045917719,06,2028,653
5105107113288969,10,2033,293
4242421671943361,05,2029,835
4000008482239618,03,2028,064
5105101948316152,08,2029,832
370000444218541,01,2033,0785
4000007110222160,12,2028,524
370000054751666,10,2027,6528
340000811028140,01,2028,2726
5105104622061649,11,2033,614
5105103462585931,01,2032,338
5200820596441186,05,2026,368
5105102585053116,06,2028,470
370000979562933,02,2027,3305
4111113793130310,07,2030,334
370000123686802,11,2029,1225
5200821373018841,05,2027,566
2223004904773537,09,2027,028
370000573858877,05,2031,3979
4012882147677065,08,2033,899
2223001402282292,03,2027,167
340000651775214,06,2027,4666
2223001037455461,04,2028,469
5200824824824155,06,2032,233
2223001232833660,02,2030,706
4242423087323097,04,2030,229
4242427430615406,01,2027,218
340000233308583,08,2026,4985
340000461923392,10,2032,3436
4000001738336742,05,2030,082
340000672054326,02,2026,3289
4012887610797951,08,2031,471
5200826695898408,01,2030,073
4242424720276932,01,2030,058
4242422316926571,02,2029,052
5200820470281567,11,2031,048
5105107064671874,05,2026,343
4242421088303662,07,2027,416
2223006489453369,05,2032,997
340000986266913,07,2033,3466
340000659382211,02,2027,9092
5105109129698637,11,2030,241
4242429665520251,11,2032,291
5200827553331367,06,2031,340
4111118804309688,08,2032,726
340000901465624,03,2028,4092
4012881113766209,09,2030,644
370000464789827,10,2028,1190
340000341299914,03,2032,0378
4111111978517962,05,2026,299
2223003956243381,12,2031,541
4000004120339787,10,2030,415
4012884313187051,01,2027,828
4242422183727888,08,2030,946
370000266571969,11,2031,2517
5301259480834008,12,2030,504
4000000008666283,01,2026,240
5105108284444415,11,2031,300
2223006423929821,04,2030,945
4012889336791722,10,2031,445
4242420992212035,10,2030,454
5200821059148037,08,2028,543
2223006389140389,05,2029,645
4111116961933811,08,2033,597
4111113921168232,06,2030,399
2223007838116343,10,2028,046
2223003332694927,12,2031,471
2223006392415166,06,2032,077
4242421399910866,06,2032,492
340000177296042,03,2026,8838
2223005071051532,11,2031,933
370000433064740,07,2027,5410
4000007921782956,04,2027,796
5105108522163082,11,2029,562
4242424105233847,12,2029,262
5200821772425043,10,2032,434
4111115343808857,12,2031,968
4242428690900082,01,2030,904
5200827128635508,11,2033,375
5200823947804458,09,2026,512
5105109781322823,01,2026,350
340000136097663,01,2029,9694
4000001409595972,12,2032,028
5301255502874105,07,2032,126
2223009516321054,08,2032,194
370000456798646,05,2032,4164
2223002806280031,09,2028,547
2223007934900723,10,2029,750
370000327370716,07,2027,0577
5200824834769143,12,2030,006
340000986908035,10,2032,4406
4111114174993078,07,2030,823
340000250739157,06,2027,9643
370000534695970,04,2026,4440
4000000701740997,07,2030,584
340000492124259,06,2028,1968
370000046927424,05,2031,8107
370000924802939,10,2029,2793
340000428357577,11,2030,5172
2223009359190780,06,2027,449
5301255433162885,08,2029,115
5301255027312110,02,2026,200
5301253761593292,03,2028,325
370000652313612,02,2033,9120
370000638614679,05,2032,4582
340000268628129,09,2033,0078
4012884697670342,01,2029,815
2223000305773662,12,2028,975
5301258788646213,02,2026,973
2223005816142109,07,2031,691
4111114452917518,03,2031,459
5301255526563551,12,2028,362
340000153263966,11,2032,7821
5105103814367574,10,2030,924
340000066833400,07,2027,6918
2223000580805049,11,2027,839
340000308968824,01,2033,4323
370000294270204,09,2031,1034
5105101815409684,06,2030,144
4111115216009336,08,2028,590
5200828324709253,09,2032,762
340000742875254,10,2030,3706
340000661840628,04,2026,2242
4000005647616672,03,2029,376
4012883334171573,10,2032,918
5301252827065733,10,2028,698
5200826803933998,02,2032,703
4242429740842381,05,2033,690
5105103859509502,07,2032,072
4000002626606030,02,2032,800
370000223933112,04,2027,3436
5105109402776274,01,2030,413
5200824592773071,02,2029,170
4242422914094376,05,2030,199
4012883145646243,09,2030,039
340000729091107,06,2026,9976
340000802063304,12,2031,6668
4012889907605343,10,2028,796
2223001797378762,08,2032,644
4242429907797295,05,2028,944
340000117914589,10,2026,2674
4012885234186122,09,2033,494
4111112315428186,10,2030,816
2223005615501331,12,2028,256
5105100815782801,03,2027,680
4012881360704986,11,2032,666
4242428378384880,02,2027,703
340000793530154,09,2032,0011
5301254745081073,08,2032,116
4000004520860507,02,2026,949
4000000048459624,12,2028,038
4012885316804170,06,2031,675
4000006392231444,07,2026,219
4000004308796956,08,2028,950
2223001653364112,10,2028,205
2223009473583647,04,2030,093
370000212822359,03,2029,4619
4242429908946792,01,2027,459
4012883703475860,09,2032,172
2223004299870096,11,2026,135
5301258793044461,12,2030,177
4000004753236128,05,2026,199
5105104028555731,02,2030,050
370000695838443,09,2030,2990
5200820312817958,10,2033,859
4000004915871093,01,2031,369
5301250440406599,08,2033,730
340000722821450,03,2033,7973
5200829815993380,12,2028,651
5301258927101369,04,2033,363
4242428723567288,08,2033,233
370000949780987,01,2033,9324
4242427665135740,07,2031,987
370000325124719,01,2027,0268
370000431972746,08,2028,3193
370000608773554,06,2026,5758
5301258818528050,02,2029,203
4000004103911545,05,2027,755
340000296626582,03,2032,7983
4242423407322803,12,2027,797
4000006309437787,10,2031,913
370000220412235,10,2026,4026
5200820439251388,06,2030,174
4000000323710782,01,2028,052
4111112326534485,02,2026,020
340000707524848,01,2029,0567
2223005206998318,08,2026,017
5105103009135547,04,2030,326
340000187978605,11,2030,5167
5301252064969399,04,2031,818
2223003009253510,09,2030,759
340000130886541,07,2032,3409
4000005862440923,04,2031,376
2223003040595382,12,2031,841
2223001520274312,08,2032,657
370000491723849,06,2027,6299
4000001071801559,03,2032,714
340000560925009,04,2030,0575
4000008644176575,11,2033,150
4012884803467013,09,2027,756
340000971219356,02,2032,8409
4012881959095887,02,2030,696
370000191873134,06,2026,8726
340000676912230,06,2029,3182
4012889725023315,03,2026,950
4242429269240603,06,2030,698
4111117382939247,05,2032,576
340000983274381,08,2030,1238
4012881082761561,05,2031,717
4242429735058597,06,2029,399
4242420166775411,08,2032,819
2223009327957096,12,2031,606
5301252540982578,01,2032,366
340000706425732,12,2031,7328
4012882004203435,02,2027,473
2223000187845224,10,2032,944
370000905315364,07,2032,5483
4111110206720653,11,2029,948
5105100447271678,10,2028,751
370000322100399,03,2026,6614
5200821197152321,06,2029,055
5200828687270380,09,2033,966
340000873851447,03,2031,0722
2223007462815186,09,2029,943
4012883056545103,01,2028,901
340000867776840,01,2029,4815
5105105193262425,12,2032,267
2223009876338029,11,2033,957
5105107037760119,10,2026,282
5200821939576647,06,2031,032
4242429328820809,07,2031,665
5200827681249481,03,2029,570
340000348380436,02,2026,3879
5200821438664357,08,2026,666
4012882082276550,11,2028,379
4000005128164606,03,2029,522
4111114337584418,01,2031,282
4000009238760402,10,2028,459
5105105136502788,05,2026,810
2223006940644135,05,2030,367
5200824607304946,01,2028,959
5105100603630667,07,2033,403
2223008308559632,10,2033,605
2223004533783915,05,2029,294
5105102535153917,02,2029,905
5200823124193899,09,2029,049
5200826616247487,07,2030,202
5105106535408668,03,2028,258
340000582836218,11,2030,9098
5105109456558784,04,2027,675
5200820720148020,02,2030,294
4242426320824474,10,2032,000
370000336535903,03,2030,8927
4000001163455082,10,2027,770
5301256815901833,06,2026,060
5105104359255919,08,2028,850
340000721074788,01,2028,8204
5200824973610504,02,2026,683
4111119228024036,02,2032,643
5301258188941461,12,2029,008
4000003642923045,08,2029,840
4012882532145140,06,2027,006
5105106882402413,07,2030,154
2223008741177109,07,2032,961
4012889669914040,09,2026,965
5301251067442552,09,2032,360
2223001141192372,12,2030,735
370000719780084,03,2032,9317
2223004871702949,08,2030,443
4111111222135827,12,2030,892
4000005553710758,10,2028,301
5200821140212461,12,2033,065
5301258432062288,05,2028,807
2223003013548129,03,2029,016
4012880672452896,03,2031,266
4000008862033813,09,2028,564
2223004564182193,04,2026,296
340000508424081,05,2027,0086
370000372393027,06,2028,5245
4012888645886603,06,2032,058
5301258759540353,01,2030,864
4111112092125559,01,2029,363
4242421491287395,06,2028,125
4000002224861250,11,2029,102
4111114384767262,05,2029,495
5200823281901472,12,2031,856
5105106076819331,12,2026,607
5105101992813138,06,2028,854
4111114671103544,03,2028,096
5105103007009348,01,2029,287
4242425554530559,06,2032,539
5301250456326061,08,2033,878
2223006007180791,09,2029,375
4242424014534996,01,2030,566
5200826467192279,08,2027,533
4012885102858489,01,2027,168
340000525034939,11,2028,7073
5200828789873396,07,2033,841
4000009811109860,05,2031,787
4242421134810686,05,2029,427
4012880071811833,11,2026,372
5200829295599939,02,2029,898
5200820997568181,09,2026,699
4111117348528480,12,2033,469
4000009431994105,08,2026,031
5301257093966316,02,2030,600
5301251063624401,10,2030,556
4000006143589991,10,2032,243
5105108216034748,10,2027,866
370000041527690,08,2029,4897
340000592338114,02,2027,5022
4242420476705934,10,2033,794
370000089992533,06,2028,1280
4012882831482772,03,2031,946
5105105699930251,07,2032,138
4012889727265815,05,2033,753
2223009986515110,04,2032,209
2223007884995087,12,2031,403
370000415844077,08,2030,2214
4111113958228511,07,2027,132
5301259612024346,10,2033,045
370000802613309,04,2033,9003
4111110055814540,12,2029,401
4012886370624025,02,2028,658
2223005150765507,03,2033,399
2223005310898230,09,2031,188
370000820432252,06,2028,9449
340000890233397,01,2029,3506
4012886471719062,04,2029,469
4111113385985469,08,2028,310
5105109773241742,07,2026,679
5105106386499121,01,2032,879
370000770609818,03,2028,4247
4000005311230776,10,2032,589
370000135574327,09,2032,8632
4012883027054458,04,2027,735
4111110049722783,04,2027,653
2223002951514010,04,2029,818
5200823326878131,10,2028,954
340000996127444,12,2027,6577
4012885802442394,02,2029,255
2223005311108175,06,2026,608
370000660439557,09,2032,7878
370000209861568,11,2030,2944
4012889981737053,08,2030,848
4111119796196083,07,2027,760
5301250244599169,02,2027,491
370000528565411,08,2027,0354
4242426452257147,02,2031,577
4111116413666217,02,2031,719
2223005441779622,03,2029,457
370000990825103,06,2029,2374
5200821804131577,09,2026,005
5105108091780019,04,2032,408
340000940300642,03,2030,5174
340000262732745,04,2030,3791
340000190593797,03,2031,2927
5200829286022578,05,2031,936
5301251043377773,10,2031,239
2223009945503660,08,2033,532
4242425491354139,04,2033,811
2223007337523460,11,2026,212
4000002281046332,07,2026,166
5301258912558680,12,2026,940
4000002100395266,11,2031,779
5200822175326416,10,2030,840
340000820107166,07,2027,5244
4012883755275879,04,2028,437
4242422730894512,10,2029,435
4000001419224472,06,2026,287
2223006433614660,07,2027,785
4111111190415797,12,2030,525
5200823291063990,12,2027,819
370000272366339,12,2028,0068
2223000583581928,11,2027,891
5200823631825876,11,2032,188
4242427535228410,09,2028,379
340000969013001,08,2026,2946
5200823176717744,06,2026,326
4000003894125539,08,2033,897
4111119971263849,04,2027,570
370000164367932,05,2029,5134
340000698439717,12,2028,3944
2223002002640624,09,2033,452
370000166255721,06,2031,1825
5301251474962762,03,2027,018
5200828349202599,02,2032,253
4000002791155953,11,2026,927
340000870424172,06,2032,4671
4000001405189903,09,2028,475
5301252520501661,01,2027,018
4000000171938634,08,2031,527
340000584142524,07,2033,3155
4111112379868764,08,2029,808
5301251144195850,01,2027,587
4000006575747505,04,2027,041
370000647860800,02,2027,0515
2223009621932530,05,2028,288
370000140115090,03,2026,7757
4111118720447596,07,2029,268
4012888578712966,04,2028,169
4111119813576457,08,2032,316
5301258392200720,06,2028,925
2223008604363481,08,2027,350
370000855469708,12,2027,6543
5105109805651348,12,2032,892
370000051343764,12,2031,8356
2223003480255703,11,2027,877
4012887775110156,01,2033,487
4111113748784039,05,2029,347
370000273642647,07,2031,7186
5105107451298125,01,2029,406
5301258542596258,10,2030,318
4000001785151358,02,2026,129
340000221629677,09,2031,2319
5301250833393248,01,2032,681
2223002623927335,07,2028,775
5301257727490220,12,2028,692
5301253185930344,05,2033,901
4000009831857035,07,2026,656
4012881543579198,11,2026,966
4242420480765684,08,2031,141
5200824590524294,05,2027,341
4111115252834621,09,2033,961
5301254379282799,02,2031,508
4000003062617051,08,2030,572
2223001552656048,08,2032,380
4111110748183600,07,2029,264
370000410729729,07,2030,9593
4000007561365302,11,2032,000
4242428316841561,12,2031,039
5301255875375474,03,2033,082
5200822249801030,09,2033,879
370000323492555,05,2028,4402
5301252627795588,04,2032,507
4242421769189158,03,2029,935
2223005168038913,02,2030,756
4012880177244186,07,2027,049
4242420598259141,04,2028,908
5105101086805834,10,2030,838
4111117825773849,10,2032,380
4000009888022673,08,2027,211
5200825404427533,02,2029,318
4242421733836066,12,2031,180
4012881333778505,06,2033,719
340000676831117,09,2031,1436
5301257474284974,10,2030,771
2223001760805759,04,2031,625
370000124921927,12,2026,9387
4111118618064875,03,2028,840
340000026083120,04,2033,6051
4111110439200838,04,2032,717
4242420428418537,01,2029,063
5200829000559384,03,2032,410
2223005749848756,01,2027,919
5105104501531910,08,2028,296
2223003872265633,08,2029,473
370000066056526,03,2032,4772
370000652541410,12,2031,3469
4111113239894875,03,2033,115
5200825756351893,09,2026,184
2223000164574086,04,2026,980
2223007409973288,12,2027,673
4242421136298369,01,2033,615
4111119191583935,04,2026,324
5105101019499606,11,2031,050
4242424134023128,02,2029,840
4242428374891367,06,2031,710
4012881878612515,10,2032,884
340000667861149,09,2029,4143
4012882551856163,12,2026,060
2223002959253298,11,2029,418
340000760137736,10,2032,9795
5301250247043041,03,2031,925
4242424479259782,03,2027,884
4000008499623671,11,2030,804
4111119694816329,12,2026,192
340000536159972,03,2029,6569
4242426907292129,04,2028,260
5105109561125743,07,2031,928
5105109005741519,10,2030,300
4012887866487323,06,2027,757
5301256932207452,06,2026,499
4111112319385242,03,2029,449
5105108575023779,07,2032,928
370000299203309,10,2026,2901
5105105075462358,04,2029,074
5200820659991952,10,2026,702
4000006144312682,08,2031,336
5105105672577517,05,2026,248
5200821067505426,06,2026,452
4111118163482514,07,2030,898
4000002376204390,07,2031,814
5301257636021959,12,2032,524
370000840726279,06,2026,5357
5200827686271688,10,2032,270
5301255659597855,05,2033,114
4111112359694305,03,2033,588
5200822557899204,09,2029,888
4111112384339405,05,2028,337
4242423294574417,06,2027,372
4242424467491694,04,2028,984
4111113412403718,08,2031,952
5105109287362547,11,2032,719
340000965241184,06,2026,8272
4242424805480268,05,2028,702
2223000078344998,07,2028,707
5105102179079113,02,2026,736
4000005550300850,08,2030,015
2223000284176689,07,2032,150
340000432835592,11,2028,3436
5200826058196937,08,2032,031
2223008818184251,01,2032,166
5105104242073065,11,2029,846
4242420733264253,07,2028,110
370000618347043,09,2029,2403
4000005342444198,06,2029,746
4000008641501684,02,2026,471
2223000541714066,06,2029,110
5200828103615911,12,2028,921
370000624975423,05,2029,4390
4012884477844331,09,2031,529
4242423100609035,09,2027,410
4111115880032135,08,2030,384
5301256063464997,05,2028,317
5200821592415893,09,2032,883
2223003653911801,09,2032,562
4111111305119581,02,2027,811
4111111775002812,08,2029,666
4000002511538397,11,2027,986
340000852448777,09,2030,3313
4012881909023278,01,2031,585
2223001974227105,07,2033,329
4012884987419624,11,2032,162
4111113825021842,01,2033,429
4012884757239350,04,2029,961
4000001427839832,02,2033,402
2223005176271555,01,2033,487
4111114046879786,05,2027,367
370000874717608,11,2028,9977
5200820511493072,07,2027,199
4000006023908238,08,2031,861
5301254143830311,02,2028,116
2223009123597823,07,2026,711
340000496944694,01,2027,6164
5301257671553692,08,2033,495
4012884263665676,05,2030,677
4000002173088137,04,2029,494
4242424641852746,08,2033,425
4012883301504095,01,2031,124
5301251031652179,01,2027,729
370000406112153,05,2033,8697
4012883626528340,03,2027,873
5105107551961309,06,2026,949
370000167908179,10,2029,2982
340000389865451,01,2026,9687
5105107421518214,12,2030,760
5301253177847514,09,2027,514
4242425940260762,01,2027,552
4111112731691433,12,2026,248
5200825074478527,11,2028,600
4012886779830462,02,2028,448
4111118122325408,03,2027,637
5200820564963799,02,2026,688
5301251393628916,03,2029,404
340000695722578,12,2031,5734
340000895199908,01,2031,7466
5301251575435577,05,2027,993
5200828146817011,08,2031,677
340000997115141,08,2030,4766
4111111156757588,07,2028,459
4012880191373938,08,2026,886
4012888643094283,01,2030,375
370000271279996,09,2028,5891
4012885873012258,08,2033,433
2223004943809607,09,2033,432
5301254528449471,01,2032,790
340000164616194,09,2027,4646
4111110067186002,12,2026,665
5301257281432675,09,2027,958
4242420591164579,02,2031,757
370000640444628,06,2030,9739
5200829440839107,04,2026,806
5200823297768527,03,2033,343
370000808985636,01,2029,4972
5105104317545716,01,2027,247
4000008086396665,12,2026,543
4242420200783306,10,2033,797
370000565192731,06,2030,7817
4242420321783979,10,2033,978
340000682234348,01,2029,4945
4012881480707604,01,2033,153
2223009117713618,02,2032,332
4111111910509838,09,2033,616
370000223616006,10,2030,3081
370000961072446,05,2029,3075
5200823649897446,08,2032,278
340000300790739,10,2027,5621
5105101712157683,07,2027,250
5301255553954558,10,2033,561
5200823902725201,02,2031,250
5105104303204153,09,2027,067
5105108769928676,03,2032,979
340000347153891,07,2029,5535
370000494435045,12,2028,1875
4242427351491993,01,2027,645
5105102993103339,12,2028,923
340000617929467,06,2029,9665
4012885878712811,03,2032,913
5200824649370905,09,2033,658
5105106547076420,05,2031,238
4000001479813776,04,2028,441
4242428607343772,02,2028,961
2223004049655490,04,2032,294
340000677634908,10,2033,4470
4012886295332019,05,2030,469
2223007951489915,03,2032,356
340000599499984,10,2031,2260
5105105156268104,02,2027,604
4242424661695900,09,2026,587
5200829277255203,06,2028,169
4000005283354943,08,2031,971
4012880557200451,09,2033,054
4111112617924585,10,2033,884
4000003923491076,01,2026,386
4012886241456284,09,2028,863
2223007721991315,05,2032,315
4111116775304829,07,2030,443
2223003620932666,06,2027,850
2223005228705204,12,2027,319
4242423947115667,12,2030,447
4012883884646115,06,2030,173
2223004374605532,02,2028,091
5301251158817134,06,2030,209
5105104395973780,09,2033,427
4242422956674275,06,2027,061
5200826622530694,12,2029,109
5105102846969167,07,2030,847
5105100685925183,05,2028,830
340000084378362,10,2032,1631
5105105686471145,08,2026,330
370000333568832,10,2027,7469
2223003156186927,10,2027,809
5105105198672735,12,2029,581
4111111869822257,10,2030,764
4012889021536614,09,2027,825
4242425175837870,06,2027,635
4012882008341173,10,2027,254
2223009757237704,03,2026,754
4000003043071725,04,2031,320
2223002548749921,08,2028,259
2223009915461691,04,2030,548
370000502680178,01,2028,8538
340000183502151,02,2029,3924
5301256106116281,08,2031,219
2223001650575272,07,2032,680
4242426318781702,04,2028,988
4012888297105484,03,2029,986
5301254175524675,11,2029,352
4242426105817362,09,2033,623
2223003973634489,07,2031,694
370000981498001,09,2030,7791
4000008858702710,06,2033,638
2223006933338703,08,2030,533
2223001209444277,01,2027,788
4000006254101891,05,2028,630
370000963171188,09,2027,7789
370000147057543,10,2030,1651
4000003132318128,08,2027,825
4000006020700307,01,2032,796
5105101096690846,12,2026,502
5200827848065580,10,2030,611
5105100740695136,07,2032,504
370000116584592,06,2030,8477
5301254396369181,05,2029,409
370000099474746,07,2026,9969
5200828791952485,10,2029,560
4012884927253828,12,2027,921
5200829780949623,11,2033,149
4000005049803092,02,2031,127
370000813298686,03,2033,6377
4111115067114888,09,2027,940
4000007526125411,06,2032,005
340000140175265,10,2033,0297
4242427204068006,08,2026,738
4012888348989902,05,2032,808
340000544507725,04,2030,5716
5301253697326056,02,2033,536
5105104961608943,07,2033,607
340000601251357,06,2032,4987
4111117309333128,11,2029,882
4242425705099355,03,2026,489
340000390864709,09,2030,7119
4012887766136749,05,2028,974
4012888646855532,09,2031,468
5200824308086057,05,2031,251
5301259853314695,07,2031,988
4242421589887551,05,2026,425
340000399263226,03,2030,4414
4242428811277998,01,2029,566
5200821689080808,09,2027,674
5200824194359238,11,2032,390
5105100082349011,04,2029,272
370000836584211,07,2028,9677
5301257401957064,05,2026,994
4111110880607648,03,2027,279
4242428338616876,04,2033,468
5301256477558012,10,2029,361
4111119151112964,11,2030,857
340000678874958,10,2031,6768
2223005804190052,07,2028,414
2223002840494036,11,2026,912
5301259033028967,01,2029,771
4000004755640343,06,2032,390
5200828874935571,08,2032,034
5301259028111679,07,2032,495
5301259905446032,06,2027,511
5200823771514223,02,2028,576
4000008034392436,07,2032,624
4242429358835537,11,2033,693
5301255261621820,11,2027,045
5301258466893087,12,2028,722
4012883434329188,04,2032,595
4242423297570032,01,2027,848
5301257683064480,08,2031,843
370000820725788,07,2031,2642
4111112626181326,10,2030,756
4111118657573687,07,2032,272
370000897781193,06,2032,1214
2223003347234594,07,2028,312
4242428224204837,08,2031,169
5301255221862001,08,2030,145
4111115733398246,03,2026,195
4000004418588970,03,2033,669
340000220404551,01,2028,5300
5200827591245181,10,2026,295
5301257557047249,03,2031,117
5200822857387504,04,2028,334
2223007609862695,05,2027,504
5200823486116199,12,2033,862
4012889514762404,03,2028,068
4111116673325546,04,2026,960
370000155796859,12,2029,2432
340000676623316,01,2028,8341
370000525081370,02,2028,5849
5200829553806745,04,2029,183
4242422966888915,09,2030,740
5301252472967613,03,2026,159
4111111187238236,11,2029,819
4000009522320681,08,2030,138
5105109892879810,01,2032,511
4000001594983595,02,2030,623
4000003173549540,02,2030,507
4000009449909913,12,2033,842
2223008384419016,05,2028,901
370000269874279,07,2033,8905
4000003781277518,02,2031,388
5200828107723984,05,2030,906
5301253587997537,04,2030,796
4000006944632297,04,2028,635
5301255797812026,12,2031,321
340000919061878,11,2033,2099
5105108963363308,08,2029,911
4012881331741430,11,2031,342
4012880614660010,07,2028,364
5105105704635895,11,2030,864
340000215103507,05,2032,5089
4000009241381048,10,2026,580
370000747406124,04,2031,5524
4242427053647579,09,2032,740
5105102649525026,09,2033,440
5105104974974670,10,2026,389
5200823616242535,08,2030,498
5105106934541341,10,2033,616
5105100349827007,11,2032,792
4012880625179000,08,2029,846
5105100926159402,02,2030,888
4242423914479419,04,2030,075
4111110148453702,01,2026,112
5200823022167052,02,2027,421
5200820661935955,04,2028,275
4012889840645612,08,2028,063
370000090802465,10,2029,3426
4111113303704265,03,2027,528
5301253075699520,04,2031,943
4242424453948988,05,2031,466
5301257346345250,10,2031,953
370000901764920,05,2026,5432
4000001974818759,08,2028,857
2223007196357521,08,2032,789
4012889787763071,07,2029,879
2223002376989433,01,2027,514
4242424625761707,08,2028,303
5105105535184055,12,2033,007
370000641759057,12,2027,2621
5200823781697737,03,2033,834
5301258285298682,01,2027,895
4012880829954703,01,2028,052
4111113279615032,01,2030,635
4111112645300790,08,2029,680
4111117054605340,04,2026,765
4111115373679988,02,2033,011
5200823910098658,07,2033,845
5200827015820288,09,2032,662
370000310442290,11,2031,2491
2223003635991137,06,2030,671
4012884146718932,09,2032,895
5301258324580967,02,2028,359
4012887111123400,03,2033,382
340000578832205,02,2030,3126
370000393690245,06,2026,1139
4012881364311382,11,2028,759
370000913417723,08,2029,8265
2223003206465420,05,2029,626
5301259186177025,04,2027,750
340000046619671,07,2031,2662
4012882064900193,05,2031,945
4000001407574474,10,2026,740
340000477704273,05,2029,1916
340000998838550,02,2031,6268
4242429847367902,04,2027,752
5200828228487618,01,2033,201
2223009934234020,12,2031,283
4111112046007226,12,2033,457
370000761082249,11,2027,3549
4012886111025052,11,2028,830
340000262206104,05,2026,5950
5105100103421948,12,2031,850
4111113423632016,12,2027,723
4000002247261066,02,2029,368
2223005014538611,09,2032,053
4012883571292272,07,2026,773
5200820054567548,08,2027,181
340000888161683,07,2027,7967
4242426352470618,01,2032,610
5105101490004107,01,2030,376
370000844513111,09,2032,1629
4111119795774997,07,2032,792
4000000141838328,07,2027,199
5200824498672898,05,2028,996
370000534076932,08,2030,2486
370000782756334,07,2031,2052
2223008998313712,01,2033,337
4111117756356366,06,2027,377
370000967592330,10,2030,6341
5301251023439429,12,2031,772
4242420127150100,09,2031,275
5105103721494321,05,2031,847
5105107746287511,10,2026,821
4111115544117439,12,2033,145
340000040307281,12,2026,5174
4000008292855629,07,2030,349
4012886584419659,10,2027,089
4012889433889858,03,2026,763
4012889769202650,07,2029,004
2223002054340107,11,2033,797
4111118362180810,05,2029,605
370000180042998,02,2028,9282
370000619592050,11,2030,8358
340000128868626,11,2028,8363
4111115496483318,11,2028,315
340000918886226,08,2028,6355
340000812528569,02,2031,5068
5200820091381234,06,2027,369
5200823120341583,09,2031,036
2223007378096095,01,2027,296
4111110985451439,10,2028,409
4012881666224879,10,2026,040
5200821574187023,09,2032,854
5301258133400365,06,2031,361
4012885415825696,02,2028,262
370000895497404,07,2027,0342
5301258615253696,10,2028,660
4012885369124948,02,2026,817
5301257476773750,05,2026,524
5105103914874016,12,2027,285
5105107612205712,10,2026,495
4012883371930543,05,2031,660
5301259166350436,11,2026,448
5105101377384820,06,2031,236
5301251446714630,11,2033,703
4012888859534402,07,2032,296
4000002436786477,09,2032,229
5301251931976975,01,2033,031
4000002723925085,08,2027,764
5200828021676219,11,2028,470
4242425846377769,04,2030,993
5301252097052759,03,2031,904
5200824085588853,10,2026,763
5301255722006694,10,2030,149
370000703904443,06,2033,3692
4012883293103336,05,2033,566
2223002202215680,05,2027,382
370000959899958,10,2027,5696
5200822246385326,04,2027,292
5105105734581796,11,2030,010
4012881463645953,12,2030,717
4012880911092008,07,2033,677
4242426019287140,03,2029,068
4242422668772508,10,2029,826
4012889238661486,07,2033,040
4000009175589202,10,2029,532
4000009911639428,05,2028,202
4012889189471612,09,2029,972
340000274867133,01,2028,9454
370000409306885,08,2027,7102
4000003966309292,11,2028,294
2223001396192721,06,2030,981
370000233977877,12,2030,4084
5200822540437070,03,2033,119
4012885029231232,12,2027,888
4242423193056144,04,2032,214
340000815222061,03,2031,0396
4000002937019733,07,2030,624
4012881097412945,05,2027,233
340000084462018,07,2029,6381
4242429768997083,05,2026,835
4111116793779598,05,2032,224
340000640490776,09,2028,1431
4242424156153506,02,2033,084
5301258964024532,09,2027,136
370000702662539,07,2030,4408
2223009477491938,12,2033,742
4000005197715197,11,2030,847
4012881924862627,11,2032,602
4000009123636550,09,2032,591
4111110308835250,07,2026,087
340000609687545,07,2026,3725
5200824231836800,03,2030,497
5105106111680250,01,2030,918
4242427648158942,09,2033,408
4242423003463191,04,2030,463
4242421255433177,10,2029,542
5301258718393027,02,2031,115
4111110580100530,08,2026,401
5200821897271231,04,2033,114
370000408036079,01,2033,5477
370000041925407,07,2029,2748
4111117753701887,03,2030,541
340000284801122,01,2028,3970
340000745238559,11,2029,6323
4000008273356001,03,2028,224
2223007478415997,08,2029,392
370000232005035,06,2030,1628
4242421792610493,06,2027,740
5200823959126584,01,2030,439
4111114934879617,08,2031,302
370000059513467,12,2031,0398
4111115067325757,01,2033,750
2223006444122943,10,2028,509
370000280299035,12,2031,1046
5105109057680573,06,2029,942
5301257631252682,02,2028,144
340000958549981,05,2030,5965
4012883917976380,02,2030,016
5105108484207836,01,2030,644
5105100336954558,08,2032,107
2223008208344911,02,2033,179
2223005038592859,06,2032,452
4000008899020668,05,2027,573
4242425435250823,12,2032,380
340000866202525,11,2026,7592
5105107414084968,12,2026,782
340000289221706,10,2026,6185
340000546872994,01,2028,6121
5105101325704954,05,2027,346
4000007816259284,05,2027,212
4012883750270982,02,2031,864
5200828675238548,10,2029,660
4000000757712098,10,2027,722
4111114123163609,01,2029,728
4000000228129559,12,2032,080
2223009153025836,01,2029,672
2223008640199618,08,2029,058
370000334532548,11,2032,8742
4242421416081279,01,2032,495
5105103813452112,10,2029,809
5105107323588471,05,2032,991
5105102626890823,10,2029,489
4000009666694800,04,2027,225
4242423301930040,02,2026,779
370000850462526,08,2027,7780
5105102581263180,07,2030,629
340000364818475,11,2026,5389
4242420641591953,06,2026,783
5105108185731779,07,2030,921
5105105606427086,10,2033,203
4111118082163310,03,2030,230
2223007731415719,05,2029,529
4000001748170461,06,2030,515
2223002098705620,10,2031,114
2223006350498873,11,2033,350
4012880116182893,09,2028,642
4012882986536992,07,2027,091
4242421033466580,01,2028,577
5105108069894859,11,2029,480
370000541388718,04,2027,9401
370000795837105,01,2026,1909
5105105653118356,05,2026,406
4242422059387163,04,2030,206
5105105158416073,08,2032,435
370000658476645,03,2027,5407
4242420015213093,01,2030,577
2223008196063481,07,2029,305
4000001250472677,07,2030,090
2223008542229455,04,2028,295
370000439289390,06,2030,3069
370000233580416,08,2029,0334
5105103591486464,03,2029,381
5105104911714718,05,2031,706
2223002837670705,07,2026,223
4111110110309445,03,2026,876
5200823523799569,03,2031,825
4012887349765253,06,2026,909
4012882550260508,09,2031,636
5301254932368853,09,2027,807
4000008870285017,02,2026,287
5105101357268266,04,2028,281
340000325125127,01,2027,5356
5301250035688023,11,2027,556
2223003908221584,02,2031,959
2223006741267797,07,2028,814
5301255319179169,01,2026,067
4012888463084901,01,2029,501
340000060327557,09,2027,3286
340000194191077,02,2029,6419
340000020469127,01,2026,5572
5105108558569152,09,2027,261
370000197327408,04,2031,4444
370000928673997,11,2026,8025
340000413910190,12,2030,8720
5200823593883723,02,2029,512
5301251803325764,04,2027,578
5105106460384116,04,2030,791
4000009660989008,03,2033,975
4242425428207392,02,2031,462
4000007089957200,06,2030,270
4000002271356113,09,2030,266
4012886593963432,10,2033,008
2223004481262698,12,2031,573
4000006457867678,03,2026,493
340000805361028,04,2032,5775
5105108770679250,02,2027,224
4242429612538547,08,2031,816
5200820411011214,05,2033,979
4242425713158235,12,2032,753
5301259504775104,03,2029,799
4242422754555551,07,2031,937
2223002654306466,04,2031,639
4111119444956516,09,2027,563
4000008060652729,10,2030,725
4242425073636762,12,2027,799
4111115929719320,02,2029,118
4111113761674653,07,2033,279
4111114608732597,10,2032,437
5200820624966808,04,2026,180
370000217142423,12,2028,9504
4111117548041763,05,2033,242
4242423584966927,02,2031,134
4012880319231554,06,2031,441
4242421796655742,03,2026,532
370000741208690,10,2026,3992
4111114639727459,10,2029,909
4000000434586725,05,2029,904
340000497227503,08,2030,7513
5105102279232596,03,2026,296
4242422944833017,04,2026,838
5301256341418005,03,2028,698
5200828194806197,08,2028,817
5105103777548269,04,2031,266
2223008475241550,02,2032,791
4111114184776729,09,2028,409
4000002010623187,10,2031,468
370000490065325,10,2031,4551
4111111470017842,10,2031,848
340000073659434,02,2032,2689
5301257479380330,09,2027,338
340000894228047,03,2029,4101
4012889920714221,03,2031,094
5200829676856445,10,2031,958
4012888491768392,06,2031,649
4242422415235379,04,2030,403
370000594090500,08,2033,9283
5301258537880881,03,2030,171
5105104754715376,04,2027,527
4012888098268416,03,2030,476
5200824138586904,06,2033,120
340000192043809,05,2026,3711
340000706924015,08,2028,2755
5105101089632383,01,2030,858
2223001120039040,01,2026,692
4242422515018337,05,2033,065
370000472046483,02,2030,5388
2223005123736817,04,2032,283
4111117778364539,04,2032,811
4000005911317726,04,2032,590
4000007345903964,09,2029,102
2223005366943724,03,2027,583
5301253698903317,03,2032,251
340000953283099,11,2029,2343
4000005892996506,09,2032,818
2223009747857900,03,2029,388
4012884161515171,09,2033,004
4000004271886073,09,2033,914
2223007199310857,01,2026,236
4000004648980112,04,2026,456
4242427509526096,07,2031,612
4000005121519756,08,2032,869
5105104493175353,11,2026,875
4012889594853479,07,2033,975
340000151835658,10,2031,7395
5301256896521088,05,2032,609
370000493970158,01,2026,8099
4012883039899916,05,2029,438
4012885484081338,06,2033,084
4012880325046129,01,2028,235
4111110369184234,02,2026,911
4242427062034785,03,2027,880
370000534945490,03,2033,9987
4242425517302237,06,2029,994
5200820137798094,07,2031,920
4111111101504192,09,2026,342
4012883417393243,03,2031,752
370000523464719,07,2028,7643
4242421599350939,11,2028,880
370000937439190,04,2031,3340
370000795972605,04,2027,8933
2223007917340566,09,2027,167
340000100127983,12,2028,9484
4000001042860882,05,2026,277
2223005541531162,11,2031,324
5105108089934990,09,2027,777
4012882160883152,04,2033,058
4012882219233979,10,2030,015
2223007548153115,05,2032,622
4111118493291593,01,2029,071
2223009258838299,10,2027,796
4000009671544446,06,2028,632
5200820210822613,08,2027,081
340000377237663,04,2027,0953
5301257675017140,10,2028,342
5105101637008458,09,2029,027
2223006215061569,05,2033,456
370000907598603,12,2029,1898
370000984787988,08,2027,3580
340000466713731,04,2028,1432
5301253498622521,08,2026,381
5105108145877027,03,2032,351
5105103569184869,03,2028,781
5301251411844206,06,2032,558
340000131501248,10,2032,4243
5105103100801666,05,2028,318
4242422049931641,11,2027,880
2223003587076861,12,2031,733
340000356457068,01,2028,3207
2223001764539313,10,2032,137
5105108788679185,03,2030,429
2223001132167342,04,2031,713
5105107355369675,10,2032,811
4012886182445528,10,2028,963
340000828964220,04,2029,4338
5105101502174898,01,2031,213
4000009533550581,08,2033,499
370000997661493,09,2027,4836
4012883420992841,09,2031,904
340000771885463,02,2031,7578
340000587356253,11,2027,0002
4111119520070620,10,2026,799
340000699483326,09,2026,5256
4242421449644127,09,2027,663
4000008877117486,05,2027,194
2223003981909402,05,2030,712
4242426854627293,02,2027,837
2223004686764084,09,2026,411
340000005930747,09,2031,7114
340000172579293,11,2030,3019
2223005154514893,01,2026,275
4000008018573696,10,2027,503
340000283122959,01,2030,4588
5301255476246108,04,2029,514
2223007011949650,01,2030,034
4242427339043866,07,2030,621
4242422433233612,11,2029,126
4000009013948008,04,2031,298
5301250756223083,12,2033,464
370000125415143,11,2026,2977
5301254601199589,11,2031,167
4000009121831559,08,2031,235
2223006366628109,02,2026,647
4111111774057874,07,2030,995
5301252009496359,05,2033,879
5105101182276773,05,2026,220
340000232501535,06,2030,4456
4111110640019985,12,2028,243
5301256006471398,11,2031,040
5301252628320766,09,2030,413
4242429084318675,07,2026,510
4000008670772115,10,2032,666
4012886366647212,03,2026,015
340000167948701,12,2030,8639
2223006554954903,04,2032,257
2223006975385315,05,2033,099
4000000449573346,10,2032,524
370000273918344,06,2026,5683
370000029302553,03,2031,6966
370000472675620,04,2031,9023
5105102168149307,08,2026,642
5200821142712104,06,2027,864
4111115537898516,05,2032,694
4012887005723570,03,2027,706
4000004849699941,03,2033,864
2223005787870373,02,2026,260
4012884834275609,03,2033,580
370000244093755,06,2032,2806
4111118043426152,02,2026,325
340000687998210,08,2028,6101
4111116282192469,09,2026,579
4111113648051471,10,2029,620
5301250526605445,04,2028,374
5301256823689982,05,2033,781
2223001229398867,06,2029,267
4000006785738260,12,2028,242
370000364890337,05,2028,8778
5105100130535157,02,2029,495
5105102827782597,04,2027,322
340000762264314,11,2028,7484
370000554117426,10,2027,3520
5105100810175381,03,2027,663
2223008398375113,09,2032,009
4242421626892184,04,2030,392
2223001697105752,11,2030,487
4111113620341007,05,2029,065
4012886956189799,02,2033,544
340000670032886,03,2032,6577
340000870007324,02,2032,8114
4242429898410866,12,2026,906
2223006186901306,05,2030,177
2223001653977111,09,2028,827
4111113356967900,10,2028,713
4111116218722231,05,2030,918
4000006505508571,05,2032,765
4242426654895439,02,2026,435
370000029136498,08,2031,6877
5301256093917063,01,2027,125
370000910681651,05,2033,9331
2223005317041610,01,2032,496
5105109970259802,07,2029,743
4111112323761628,03,2028,329
5105102274519575,04,2028,635
5200822313589420,05,2033,104
370000650698857,04,2027,4872
4242427202422908,03,2029,099
370000060573724,02,2033,1518
4000009351194611,12,2031,918
5200820223667583,08,2026,513
4242424562931081,01,2026,533
4012881299812777,08,2029,204
4012888797766132,11,2032,170
4000001071542104,09,2030,036
340000793641209,12,2029,2162
5200822259130312,04,2030,207
4242422213826486,01,2033,665
5105101849859813,11,2030,168
4000007585890392,07,2033,925
4000000931561676,02,2033,548
4242420770439792,08,2030,543
5105106866916545,02,2028,999
2223004188723216,09,2030,586
4000002170936056,11,2032,168
4242424694736929,02,2027,848
4012889058050356,05,2031,239
5105104503632344,03,2028,420
5105108654838279,08,2033,416
2223006494207685,10,2031,378
5200825245166027,01,2029,119
4111114192667407,02,2031,314
4000009810237274,11,2030,866
4111111641075901,12,2033,764
5200824984327619,11,2029,528
340000899638836,04,2027,7764
4000007082287001,04,2026,142
5105101844710029,11,2029,076
340000192491024,07,2029,1597
4111113297383928,10,2032,138
5105106017128024,09,2028,019
4012886880840251,09,2032,091
5105106305744003,01,2033,235
2223007657378198,03,2033,759
5105103254101897,02,2030,490
4000008442359100,04,2031,580
340000586028663,01,2026,0324
5105107688631791,12,2033,941
340000948337943,06,2031,5357
5200826519796671,02,2029,555
5301258045432852,10,2027,464
340000516783361,12,2032,8465
340000517624358,08,2030,3759
340000369857098,06,2026,9907
4000004350532093,06,2027,817
5105103287874528,08,2028,580
4012888131688802,08,2031,984
2223003692358766,06,2032,602
370000806662088,05,2028,5021
5105107554782835,08,2028,667
4111111403497731,01,2029,383
5200825359624803,04,2026,745
5301252573804053,09,2028,625
5105101185333910,05,2031,362
4111116916677844,07,2026,265
370000470831894,07,2027,9841
4012882258140895,12,2030,672
4012881560132061,01,2033,609
340000280613232,03,2033,9730
370000019832080,05,2031,9766
4012881154457585,07,2026,633
2223005112188038,07,2031,023
4012883637500957,12,2028,177
4242424965583810,09,2033,378
340000133197722,08,2026,9424
4012882252374292,03,2030,979
5301259930690687,07,2033,794
4242429849229928,07,2027,803
5301253488330275,04,2029,846
5105106448298719,08,2027,042
370000320952643,03,2029,6043
4111110162265453,09,2026,724
5105102903454376,06,2030,720
5200822715194738,10,2030,107
5200820320306606,08,2027,105
4000002711668945,08,2030,171
340000067181619,12,2032,6387
4012880824217049,01,2033,243
4000001433866431,10,2032,858
5200823808122164,03,2026,812
4242429307462961,02,2030,446
340000113848419,11,2031,8312
4111118686080423,08,2028,155
370000108390230,10,2033,5211
4242427787372163,07,2032,044
4111118835220169,06,2026,182
340000913762091,11,2030,6250
2223007917669170,02,2031,584
5105105936393867,08,2031,233
4111113763633228,08,2026,782
2223004762571833,03,2027,042
340000273286517,04,2027,8801
5105104052234278,03,2029,711
2223005101188155,09,2026,963
370000465858761,01,2033,5413
4111111841525176,08,2031,423
4012884612911029,12,2030,790
370000589193921,04,2027,2315
370000577995618,08,2026,7248
2223009333842654,11,2031,154
4242422538602695,04,2027,069
5105109751916539,11,2033,858
4111112702130403,10,2031,845
5200823916510094,12,2033,017
2223004678127845,04,2032,596
4000001291676799,04,2030,535
2223009739811659,06,2027,825
2223004048771678,09,2031,810
340000980999980,02,2029,6094
370000903279372,03,2031,2986
4000004142655301,11,2030,730
5301255931517713,09,2033,147
2223003044449453,05,2032,507
370000215926777,06,2026,6879
5105109556944918,05,2032,412
5200827264288708,03,2030,740
340000895275021,07,2029,6411
4000000616297695,07,2027,015
5200824676937808,12,2026,247
4111113991430819,05,2027,777
2223002077216565,01,2031,033
5105101639293595,04,2031,258
4012880716398154,11,2031,058
340000222580788,01,2031,5531
4242420408400778,10,2032,908
5301252854499599,09,2031,402
4111110739145071,04,2028,243
5200823645814296,10,2029,649
4000009600458783,10,2031,997
4111110959187027,03,2032,353
2223007036503037,08,2030,274
4000004452309671,06,2032,852
4012883606341490,12,2029,405
4242425502352346,10,2028,710
4000004371925391,08,2026,360
4012888058571999,05,2026,505
5301257904833424,06,2027,888
370000606184150,10,2032,3272
4012886382877322,05,2033,573
4111117258287754,02,2031,805
2223000029226823,09,2028,927
4242421225491818,10,2031,278
2223003057772510,08,2026,815
4242422967365954,04,2026,629
5301252299413445,11,2029,843
2223002871673896,04,2026,459
4242427764069170,11,2032,986
370000187377579,07,2027,8825
370000661150013,06,2027,7386
2223000510562298,01,2031,021
370000942986839,08,2030,3012
4012885035652280,03,2027,913
4242423305046488,09,2027,872
5105109757449014,03,2027,525
340000135832870,06,2031,2084
5301259717555996,06,2033,149
5301253616176384,11,2029,925
5200824061011516,11,2026,063
5105108672863259,01,2029,010
2223006947967489,11,2031,029
5105104044643222,08,2030,165
5200829932326811,07,2026,832
4111118702398601,10,2031,245
4000008899241454,11,2029,564
5200820107107201,10,2030,183
5105103775431583,02,2026,912
370000249825672,02,2032,0736
5200820002764056,10,2033,791
4012880222809306,01,2031,037
4242422969871512,10,2031,611
4012881965225841,09,2033,230
370000655387720,06,2027,9621
340000766710718,01,2030,8338
340000175223501,10,2033,2092
5200821260519513,04,2030,567
4000008523731565,03,2033,543
5301259643743773,01,2032,884
4000005768050222,11,2032,502
5301259750232933,01,2030,460
5301254938478722,04,2032,611
5200823196972014,10,2029,502
4242421269252597,10,2027,661
370000453584627,10,2029,8000
4242423683538411,03,2032,700
5200822702687496,04,2028,804
5105109578570063,04,2026,983
5301252673196947,12,2027,079
4111112011816296,03,2030,952
4012887621428612,11,2029,944
5301257014894803,03,2029,265
370000626466330,10,2030,0243
4242420820317402,12,2030,763
370000323593709,06,2032,5900
5200820820249793,01,2030,527
4242420302011606,11,2027,857
4111113513821677,02,2030,664
370000363356454,11,2032,8977
5200826970779513,04,2030,273
4012882526956403,11,2031,943
4000001889815684,07,2031,373
5105101714923454,01,2026,843
340000148680407,01,2029,9260
4242421532266572,03,2031,628
4000001720817683,09,2026,307
4000008687116025,05,2033,478
4111111057761739,02,2031,013
370000441384809,05,2026,0125
4242426712233656,03,2033,572
4000009272409601,05,2026,719
370000810677908,07,2027,6861
5301250139302752,11,2033,541
5105109718684790,09,2030,254
5200825915796921,11,2031,653
5301256596776719,06,2031,121
2223003562220898,09,2031,995
4012884856505875,06,2028,749
5301258214991043,08,2030,952
4242426734185512,01,2032,136
340000031525420,02,2031,7221
340000143037694,05,2028,1549
4242429262832240,11,2031,607
4012880195383248,09,2027,031
5105108690789502,06,2033,532
5105101351235113,11,2029,731
4000007021956138,01,2033,588
5200827844017684,12,2031,695
5301252428612040,02,2030,666
340000380838473,11,2032,5406
4242420182318626,01,2028,865
5301259157228500,10,2028,988
2223008338172968,10,2030,310
4242420647659341,05,2027,287
4242422544559202,07,2028,839
2223004005159032,08,2032,802
340000452924516,04,2033,3568
2223006630007544,07,2027,874
4012882531371549,06,2032,679
4242427625985978,08,2027,812
5301253895847572,02,2033,335
370000578505770,02,2032,4196
5105104785412407,12,2031,868
4000009009620116,04,2029,460
340000498294007,02,2030,1887
2223000074341261,01,2033,938
5301252365783325,06,2027,130
5200827578603733,05,2030,299
340000879346756,03,2029,7405
2223008309011534,07,2032,028
5200825895210299,10,2026,885
4111113907414196,09,2029,942
4242424991816333,02,2032,623
4000005951920439,05,2027,952
4000005825408140,08,2030,752
2223000798740756,11,2031,680
5105100083588906,03,2027,508
4012884793756664,08,2029,592
5200820217773363,05,2031,701
5301259113968108,03,2032,818
4111114829061206,12,2029,325
4012885186515963,09,2028,327
4000008379004901,12,2031,716
370000697272864,12,2032,1696
4242429089979836,04,2032,951
4242428534932341,11,2028,583
4000003639121058,03,2027,274
340000247443145,08,2031,1088
5105103636740107,10,2031,310
4000003561917572,04,2033,991
340000173743633,03,2031,4883
5200820734396185,11,2033,127
370000229848462,08,2032,4574
5105101969999365,11,2031,188
4000007921768906,10,2029,188
5105100453595937,08,2032,066
370000826017966,02,2028,8569
4012885528113048,12,2028,524
5301253875690554,10,2026,453
4242427547693460,07,2032,543
370000801303902,09,2026,5560
5301251246265130,06,2028,165
4000001260068945,06,2032,700
340000420660101,01,2026,8582
4000000744664451,04,2029,807
4111115434705145,04,2027,621
5301253283796290,05,2033,293
370000908055298,12,2029,2172
5200824545592842,04,2030,165
340000811525640,12,2030,7806
4111111667641560,07,2031,543
340000553656249,11,2032,2388
4111118992138782,11,2027,437
340000798080171,12,2026,5834
5105101403384133,07,2026,633
5301256526787182,11,2030,893
2223008458870979,01,2029,827
4111113797521076,08,2030,037
4111110708426841,06,2032,183
4111110568573047,07,2032,984
4111110406054010,04,2033,229
4000004746808017,06,2026,985
2223000454187185,04,2029,805
5301252018820532,01,2031,266
4000005783216956,04,2031,738
2223000528637827,10,2032,973
2223001496969630,12,2027,196
370000790396164,04,2027,4708
4000003831401944,05,2032,659
4242428805077925,03,2030,399
5301254967240357,03,2028,244
5200829754160744,01,2030,257
5301256876574156,11,2031,361
4000006058080390,02,2033,164
370000031604459,02,2026,4368
5105108459838987,03,2033,709
5105107288307503,12,2029,306
4000009935143183,12,2031,050
340000865333925,06,2027,7955
4000004641355312,07,2032,960
5105107106967884,09,2026,426
370000924097639,09,2029,1225
2223001848982703,07,2028,124
370000810600595,12,2033,1394
5105108075493209,03,2026,805
340000243647756,07,2033,7574
5105103716916213,02,2026,113
4012883927010329,06,2029,626
4111119158145322,08,2027,420
4111116020151280,02,2030,985
4242424284074624,10,2027,643
4242427012999970,01,2033,669
4111114091178399,02,2032,185
370000624395770,07,2028,3009
4012884765593665,10,2027,636
4111118881762700,08,2031,139
4242427115914611,09,2031,497
4242427494992501,05,2027,214
5200824742186125,03,2028,796
5301256375245647,05,2032,505
5301259719848134,12,2028,089
4000003776784783,05,2029,302
5200820860063260,01,2028,052
4242420698232857,01,2031,986
4000003257359451,05,2027,456
340000851456730,04,2032,9176
4111111489846355,12,2033,354
4242427029506305,09,2026,642
5200820945504544,11,2028,002
4111114917871557,02,2028,763
4000002893790475,06,2028,604
5200822891743662,04,2031,996
4012882800312612,01,2032,729
5200823941377584,05,2030,506
4000000245100104,02,2029,625
4111116284984657,09,2026,761
4000002420455022,05,2026,107
4012881644557150,07,2033,360
4000007792207794,09,2030,236
370000390157222,10,2033,9119
4012881943128109,07,2030,480
4242429117380627,01,2030,817
5301257360539226,09,2030,971
370000537824726,06,2030,9067
2223000409320121,01,2030,988
2223001924129419,05,2032,060
340000030581077,08,2033,3043
4000006457592995,01,2028,527
4242422100265491,07,2027,108
4242426367227979,01,2033,425
4012888107157949,10,2027,611
4111114378169301,12,2029,373
4242420549106102,08,2027,440
2223002867905583,07,2033,785
4000005085237924,05,2028,678
2223005195531328,10,2026,487
2223005572179576,02,2033,807
4000008809084259,12,2027,570
5105107737600813,06,2031,785
340000868078972,12,2026,8323
370000899020749,09,2026,3812
4000001042751297,09,2030,753
5301257538656621,08,2027,544
2223000689558655,11,2033,186
5105107459623019,07,2031,149
2223004007579054,06,2032,240
5200821432129332,01,2032,951
4111119852859541,10,2026,673
4242423052880824,03,2030,728
4111110626849694,05,2032,013
5200824198773749,09,2027,306
4012883367297139,10,2031,640
5200827833564621,05,2029,390
4012881083801713,09,2031,750
2223000057532951,01,2031,297
4242427202827023,11,2027,279
4111118470582162,12,2032,955
5105103839296014,07,2032,610
5105100619303804,07,2029,867
4242424606174342,09,2032,176
4012883722557938,12,2026,014
4242422019556873,08,2026,711
5105101451406317,10,2033,961
4111110824738103,04,2030,720
5105103043839419,02,2033,501
4242422785872934,08,2029,300
5301253435360060,01,2029,627
4242424724393212,09,2033,168
4000005572719632,12,2027,213
5301257257117987,05,2033,006
4111117639718543,05,2032,176
370000526918018,03,2031,3442
4242428765077618,02,2029,367
4111113912272787,09,2029,734
370000926968373,06,2026,4676
4242425847894663,05,2028,649
5301259057299239,12,2027,967
4000004553524285,11,2031,005
5301251169751132,10,2029,141
4000009824750940,04,2028,321
4242422647587043,01,2033,906
4012883967130888,08,2027,957
4000000946961150,08,2031,067
370000269624328,07,2027,0069
4012883277637275,12,2030,782
4242423719877031,06,2032,163
5200824109025247,07,2028,764
4000005332333708,03,2027,510
5200827921222959,11,2026,960
4242422405172376,04,2031,989
2223007420487508,11,2028,478
370000435348331,02,2028,8405
4012881529148992,02,2030,378
5105100116003576,04,2033,887
370000678910524,02,2026,9240
340000179400410,02,2031,3320
4242426657735202,08,2029,329
370000049250071,12,2029,2747
4111114473701883,03,2028,563
4000006284911558,04,2030,800
5105105016072688,03,2032,186
370000296743653,10,2028,6427
2223003314151102,04,2026,664
5105100766682570,07,2029,527
4000008986397821,10,2026,705
370000175806233,02,2030,8078
2223001009512216,07,2028,881
340000391313839,03,2032,0811
4242427317699309,07,2033,674
4111112365800995,09,2028,193
370000964591939,03,2027,7838
4012880304080370,06,2027,099
5105105646402479,03,2031,773
4000001566282695,02,2033,033
340000326465191,11,2028,3347
4000009317201518,02,2027,300
5105102814481781,01,2031,759
5301252008289565,09,2033,560
4111110134728687,07,2028,539
4111114371815918,05,2029,332
340000516038824,05,2027,8698
2223006721630634,07,2033,054
5301250034978797,08,2031,097
4000008425247132,12,2027,514
370000854448877,01,2032,1614
340000893427566,07,2033,1423
5105102761480398,03,2032,082
4111116050026915,03,2029,231
340000638517267,07,2029,7169
5301252972879037,07,2033,034
4000001195607783,01,2030,791
4111112693128879,09,2029,393
370000139111548,02,2029,7707
4111116484063096,06,2031,380
5301257743838501,07,2029,246
2223008742938020,08,2030,073
5301255220589274,03,2029,312
4242422330521374,07,2028,852
370000447747710,07,2028,2438
2223009953596408,12,2031,705
340000628600628,10,2026,5604
4000004796362683,10,2029,392
4012888221246628,08,2031,415
5105103272877635,04,2029,688
4012882158325455,06,2032,598
2223007197276738,08,2033,268
4111114108457034,08,2027,748
4242427804593023,09,2030,268
4111114867446376,03,2030,362
4242420706166840,07,2026,016
340000232081652,09,2031,4835
5301258831972822,03,2027,827
4242423035081664,07,2028,112
5105102052876528,02,2028,778
4000002072562109,08,2033,842
4000005082366775,04,2027,921
340000481880747,03,2030,4921
5200827597629305,09,2028,661
4111115106733649,01,2030,917
4242420625847868,09,2027,765
5301254473144853,11,2027,759
4000007312475889,02,2033,062
4242427148035483,09,2029,521
5105109171723697,05,2026,302
5200822063299196,07,2029,953
4242421277838973,05,2029,225
4242428310593556,05,2030,920
4242420576293948,01,2032,764
340000442177993,08,2027,6773
5301252319919827,10,2032,738
2223009249403328,06,2033,425
370000586151906,02,2028,0334
370000784832026,03,2028,3616
5301253821421823,03,2033,168
5105103463354667,01,2033,673
4242423390350027,07,2032,075
4012885290485210,05,2028,483
5301258342904496,12,2029,543
5301256720312530,08,2026,568
5105108350183475,10,2028,623
5200821160807737,09,2031,789
4242429701149438,09,2030,357
2223000613327722,06,2028,949
5105105267693737,09,2030,397
4242422259028518,03,2026,002
5301257860473579,03,2030,754
4242426769748606,12,2026,102
4111110480329833,12,2032,123
370000715221224,06,2027,2289
370000165334402,11,2031,4696
4000001748200342,12,2033,374
4111112957448807,03,2032,134
4000003028570436,01,2028,966
370000044564039,02,2029,0027
4000001248919094,04,2031,500
2223004513273937,04,2031,212
5301251739882292,11,2026,089
5301257645632499,07,2033,909
5105101473728698,11,2030,737
4242427171996759,03,2029,567
5200825656905525,12,2027,402
5301251401040757,10,2033,182
340000371158501,12,2030,5053
5105101153024608,07,2026,652
370000309886143,04,2028,7080
4012888073815660,02,2033,669
5301252200020990,12,2028,273
2223002824409927,09,2028,102
5105102703771003,02,2033,025
4000000693568943,01,2027,118
5200820486302498,04,2029,040
4012885114912795,09,2029,024
4111110932006930,05,2027,438
5105101218750213,06,2027,089
4111114256661031,01,2027,362
340000119183142,02,2032,5543
2223007267832535,04,2029,710
4242421827190636,11,2028,550
4111114007214874,03,2030,680
5105107557839780,08,2031,407
4000009654775553,09,2033,259
4000008796358088,06,2028,640
5105101752524776,01,2030,632
5200829498729077,11,2027,242
4012881894048207,02,2029,030
5105105781618368,11,2030,514
4242422213491786,03,2030,336
340000142152916,01,2030,2413
340000966450594,08,2033,9277
4012883477774530,10,2026,131
340000904166492,04,2029,6577
370000688179037,10,2028,3450
4000004485433126,11,2027,636
4012881078210193,08,2027,184
5200821543217976,03,2029,203
5200823357051483,11,2031,572
4012888875050474,08,2030,631
5301251761856487,10,2026,520
4111117722179892,02,2031,637
5301257560774128,09,2028,375
5105104121366234,03,2031,306
5301253141433813,05,2030,911
5105101276342572,01,2029,629
5301259070393530,03,2027,205
4000007182820297,10,2032,331
4000005121691142,11,2032,146
340000834441833,01,2031,6234
5301257674597761,09,2030,838
4111113433650404,04,2028,170
4000007273638517,03,2029,087
4012882388177619,10,2029,206
340000013377592,04,2031,7199
370000901644445,03,2031,8960
2223001677022043,11,2029,686
5301254042236974,09,2031,698
5301256491193705,11,2029,213
5200820877513604,12,2031,034
2223003035725887,02,2032,241
370000100601345,06,2028,5388
340000075329580,09,2026,6198
4012886057246910,04,2031,454
5200829807598429,02,2030,326
340000292039897,03,2032,9431
2223004499145653,09,2032,016
340000508223889,07,2031,1823
370000447723414,08,2033,1554
5301250141787636,10,2031,483
4242422714126915,10,2029,865
5105104624685833,02,2026,394
4012889542187046,05,2033,811
370000002257576,02,2033,4442
370000395924048,11,2026,6062
5301251457498776,01,2032,452
340000824682511,02,2032,2343
2223000624877988,11,2032,956
5301257237526042,11,2028,772
5105107274006259,10,2033,946
370000266040395,12,2029,1607
4242422944469556,03,2032,835
4012888896150410,08,2028,756
4012886196986848,12,2028,458
2223002877271778,01,2030,575
5200822772119214,11,2029,561
5200823634044962,12,2028,805
4000007532309801,09,2028,709
4012885136612159,09,2030,952
4111110734890648,08,2033,442
5105102429853473,11,2033,254
4111113262436248,01,2033,631
370000065716468,06,2030,6458
5105107900247640,02,2028,931
340000418957428,01,2033,8554
2223003622792415,06,2030,735
5301252680631324,07,2027,763
370000521426140,06,2032,7881
4000009003502922,08,2028,248
4000005215385395,08,2029,187
5301257884740565,03,2027,636
340000970470794,03,2031,9530
340000700836397,11,2026,0179
4012881331684408,01,2029,145
4242422159152723,03,2033,525
5301252788550962,09,2029,212
4111113878657377,01,2030,574
2223006723192773,10,2030,368
4000005791516629,01,2031,514
5200823666174810,12,2030,169
4000004967388228,06,2026,914
4242420304352404,04,2029,668
4000008528412237,11,2033,554
5105100784395858,03,2029,906
4000003139466102,06,2027,488
5105102303792508,12,2029,023
4242429498997965,06,2029,684
4000006590750542,09,2031,870
2223003417658516,11,2026,167
4000003698559776,12,2027,249
340000112764344,06,2026,5536
5301253071561518,10,2028,506
2223009517808919,01,2027,789
5301255809124121,10,2029,668
340000783084253,01,2026,0522
4111113354841164,02,2031,012
5105109712220435,12,2029,849
4242426270123596,05,2026,167
5301255669897063,08,2030,733
5301259297709922,12,2030,973
2223005279607911,02,2033,413
5105107494396852,12,2029,666
5200824000790188,06,2032,654
4000009379316519,12,2033,572
2223006215369244,10,2033,102
4111118853069811,08,2027,868
5200825734095323,04,2032,024
340000744484717,01,2032,6364
5200829992035658,05,2026,013
5301254158930048,11,2030,570
4111118508877873,12,2031,077
2223006808014769,06,2033,527
370000508526771,01,2030,5548
340000014842347,07,2028,7832
4242426201816557,09,2029,076
5105108794945927,07,2033,129
370000438212682,04,2029,2584
370000400397099,08,2033,0768
4012881475949252,04,2029,671
4000007312291047,03,2030,447
4242429636990120,02,2031,689
5105101538180638,11,2029,888
5200822790282010,07,2031,965
340000971964084,05,2030,5549
370000473886804,01,2029,0006
4111113717052517,12,2031,297
5105108167101306,11,2026,473
5301258546797159,07,2028,665
4242424419705720,10,2028,323
4111111308624686,03,2031,621
5301253013009717,07,2026,675
5105104569585592,03,2028,690
4111114354717073,11,2027,415
4111113255599127,08,2029,499
340000607698338,03,2033,1363
4242425607199634,12,2031,578
4111115738199409,08,2033,927
2223003233524991,03,2026,622
5301251859626917,09,2032,769
4242426154064809,10,2027,311
4012886876831470,10,2031,321
4012883576282153,03,2030,589
5105101783451601,02,2029,001
4000009672106252,03,2031,877
4111110691939925,10,2027,316
340000199768184,09,2026,1108
4242426108720837,05,2026,650
340000761900827,09,2032,3342
4000009271758776,06,2028,702
5200823096779774,01,2028,731
4111117393572318,12,2030,269
4242420021184924,01,2031,744
370000038919405,05,2029,2963
4000007239039784,12,2029,974
5301253726997356,06,2030,884
4012880605519050,10,2027,164
4000002211860059,02,2030,823
4242422565923634,09,2033,731
4242423642836898,11,2030,307
5200820842408328,07,2027,524
4242424680169291,12,2026,330
4111114356492634,09,2029,529
5301257022906904,06,2033,815
340000253399751,08,2031,6446
2223001768497294,08,2033,845
4000003968464194,07,2027,617
340000321514928,07,2030,2205
5200828821399152,12,2030,066
4012883612857505,06,2031,930
4242423364893713,04,2031,418
370000385391158,08,2029,4360
370000218053405,09,2031,5166
5105100002456698,02,2033,808
4000005591907655,12,2030,289
4012884579436705,04,2029,600
5301257157872996,01,2030,000
4000005539401217,08,2028,214
4242429148651871,04,2032,066
4012888041669439,01,2028,495
5301258864023485,02,2027,681
5105105812578250,10,2031,596
5200828306465122,08,2032,017
340000624580782,10,2032,6640
4012887180719039,01,2032,848
5200820449662301,06,2026,493
5301254736845189,01,2027,332
370000434520872,03,2026,3262
4000005626572847,06,2030,912
2223000537529239,02,2030,719
2223009795992229,02,2029,049
340000044313558,02,2030,1127
5200827275851130,09,2030,331
340000136950838,04,2030,6068
340000494315889,11,2031,2270
5105103588162219,01,2033,033
2223006147337046,04,2031,475
4000006118601391,12,2031,856
2223006667834513,12,2032,633
5301253005003355,06,2028,549
340000855318209,02,2029,6185
4012888475504524,09,2026,032
340000951292100,07,2031,8840
4242429386012802,08,2026,956
4242428646999329,06,2029,560
5301252309632273,07,2031,002
340000230695198,11,2027,8214
4012887795381050,10,2032,057
5200825377814287,08,2033,505
4012881351423133,07,2029,172
2223005819220654,11,2031,724
370000755381649,05,2027,5408
4012884553136602,07,2032,730
5105101641539845,11,2030,823
4012887950584753,10,2032,156
340000713670692,05,2032,6592
4012885779493883,12,2028,353
5301251715012054,08,2028,174
5200821004957144,04,2029,606
340000209758266,06,2030,5225
4000004841337052,03,2026,657
4111118425356415,10,2030,954
4012886842958779,04,2033,018
370000960353441,05,2028,4421
5105100320647937,01,2030,484
5301259784992262,02,2032,513
340000284257077,05,2029,7228
4012880710439988,07,2026,124
4000006139223225,01,2028,899
370000407352543,05,2028,2198
4000008490792707,06,2026,531
4012889755359258,10,2030,763
4000006780489935,01,2031,557
4111113794237106,05,2026,129
5301250919508404,03,2026,350
4012883642213711,12,2027,662
4012883624310212,06,2033,393
5301259551807388,03,2031,915
4242425167557585,04,2031,526
5301257612259029,06,2027,970
4012884154583988,12,2026,456
5301255489240296,10,2033,556
370000730871185,01,2032,2672
340000961907424,08,2026,0502
2223003966107337,02,2033,887
4012888643616820,01,2027,935
4000006262384935,05,2030,951
2223003630971100,08,2030,073
4000004285640326,04,2027,190
4111110292708232,01,2026,489
340000353052847,01,2033,1658
4000001372278333,01,2027,600
4000005431429977,08,2029,013
4111119636652295,05,2033,294
4111114293401102,02,2030,993
4000001103517678,11,2028,781
5301254498075876,01,2030,380
370000842644249,03,2029,0246
5200826159696413,01,2030,310
2223009723810626,09,2032,398
4111111319440270,08,2028,276
340000993527133,07,2027,5882
4242423048534055,06,2027,181
5105103308318679,10,2032,048
4111113811493880,02,2029,207
5200822106764867,04,2029,927
5105109196168720,04,2027,922
5200823089228243,11,2033,596
4000001377134614,09,2031,455
2223006747861064,11,2031,733
5200826500684522,04,2027,262
4000002348429612,08,2030,588
2223005933952190,10,2033,961
5301255468826149,01,2026,432
4111112181177636,08,2029,181
4242426675725938,05,2030,474
4242426252335507,03,2029,706
370000478615117,03,2026,8783
5301253421733072,10,2030,719
4012882989344543,01,2032,844
4242421440351615,04,2031,299
5105109909090955,10,2027,729
4012880481160292,12,2030,697
4000005778751199,07,2027,898
5301257094489276,12,2031,729
4012882030494784,10,2031,724
5200821266878111,11,2029,010
5105103136156184,06,2032,121
5301253605461441,10,2030,698
5105101305411315,07,2027,128
5301251858524998,10,2027,849
5105108037588369,12,2030,535
4012880948659498,11,2029,163
340000392645056,03,2033,3825
5301255261337245,11,2029,032
4012887422233989,03,2028,437
4012880825143806,05,2033,106
4111111704609976,05,2028,101
4111116933856710,07,2031,182
4012881005541298,02,2032,115
2223004290344422,06,2031,533
370000411230875,05,2026,5823
5301259092153656,08,2026,470
4012886430919506,12,2029,511
4012882147234545,09,2030,400
4111117173957085,04,2032,399
2223006453262689,05,2030,520
5301257690318127,12,2030,768
5301252350894640,07,2030,926
370000808078366,11,2027,4266
340000263803560,07,2028,2878
4000006711047372,11,2026,951
340000852274637,07,2031,0430
5200827342260174,02,2029,900
5200822722963968,08,2028,181
5301254447401645,10,2027,339
4111113125780287,11,2026,226
5105100312152995,05,2027,675
370000009275845,09,2026,1495
5200821235431737,05,2032,882
5200824898494323,02,2031,033
2223001445040608,10,2026,825
4000003096154816,08,2026,939
370000991863582,03,2026,8579
2223003172400062,10,2028,257
5200826184050685,08,2032,656
4000005858430581,04,2028,194
4012883479921212,09,2027,924
2223002600105996,02,2033,626
5301253487159691,10,2029,233
5200824252971007,10,2032,967
5301259022859042,01,2031,657
2223000582855273,07,2028,285
4000005541802493,02,2029,089
4000006334217824,10,2026,143
4012885331716508,03,2031,576
2223008372357350,01,2027,404
4242424118901133,01,2029,791
5301253208757989,10,2026,232
2223006557970955,06,2029,222
4111113134061885,05,2027,754
5200824185443793,06,2029,910
5105100404967466,09,2028,454
370000891064794,04,2031,9923
4242426063556234,06,2028,865
370000471936114,06,2032,5575
4242428198895008,07,2030,073
4111118514221363,01,2027,328
340000431853877,05,2028,2939
4012889946744020,10,2032,893
4000009892778989,12,2031,288
5105100760417460,11,2029,724
5301253657289716,04,2029,569
5105107518838640,07,2033,480
4242421934206655,07,2033,549
370000607173830,02,2031,2400
4111114092606596,06,2027,431
4242427322195160,04,2033,285
4242429009293037,12,2030,863
340000125091859,06,2033,7934
5301252018034761,06,2027,152
4242429038256385,09,2032,019
4242423102302811,01,2029,733
5200829978198926,02,2027,048
5200824372446344,08,2027,418
4111118082899962,02,2032,774
4000002669654103,01,2026,341
5301257097286620,07,2029,446
5200823832481446,02,2026,479
4111114787507083,12,2026,563
4242425247696312,10,2032,696
5105107132281078,02,2030,178
5301253354521551,12,2032,033
4111115618380160,08,2027,195
4012881910423707,03,2028,042
4242427948485862,06,2030,117
5200825678437762,11,2030,008
5200824539064659,01,2028,337
5105100133921511,11,2032,015
5200829092582989,06,2029,776
340000051747979,07,2030,8236
370000560252217,11,2029,8173
340000400417787,03,2029,8241
5301250998833715,01,2030,311
5105100773096848,01,2032,192
5301254419336555,12,2033,202
370000873075008,12,2033,4295
340000425949368,05,2028,6308
4000007622025945,05,2026,513
5200828701875081,05,2033,829
5301256636385620,02,2029,263
5200829361207946,10,2030,001
5301256082765127,11,2032,614
4012881122913487,05,2028,775
4111118931322141,10,2030,853
4242426791169193,11,2026,290
370000745298507,03,2033,8572
5301258129725247,06,2027,530
370000490097302,04,2030,6171
5301252007586243,07,2026,263
2223004566409511,01,2031,157
5105104202511708,01,2026,871
4111118932389776,12,2032,519
4242428177794081,08,2026,079
4242429526424297,10,2027,947
5105102885004033,12,2032,000
4012882608451422,03,2030,053
4242421307263838,10,2029,104
2223009419134836,03,2026,852
4242428177174011,02,2026,916
5301256142449985,12,2027,935
4012885798257996,05,2026,527
5200827068156648,09,2031,129
370000111757136,01,2033,0009
4000007582632516,08,2030,709
4000002254812116,02,2026,904
5301252307726333,04,2030,458
5301250612953378,10,2031,964
370000671669028,04,2029,8769
4242420134674001,09,2033,828
4000001791527724,06,2029,385
4000008831018705,07,2033,082
4000006897721568,10,2026,926
4242421715195796,02,2027,724
5200826813547804,12,2026,347
340000201783833,04,2030,5741
4242427859328317,02,2027,755
370000957682638,06,2026,4930
4000005135287200,12,2030,887
370000958135727,08,2030,9730
340000027544252,03,2027,7180
4111115056619541,09,2029,733
4242420793645102,08,2027,312
4000005581212850,11,2029,043
4000002930618952,09,2026,307
4000003248227254,02,2029,911
4111114383148290,12,2029,094
4242422285010472,04,2027,519
4111110311396563,07,2030,715
2223001913885872,12,2026,598
5105102047499493,07,2033,907
2223008180443590,10,2028,950
5301257233338269,07,2033,722
370000639694217,02,2032,7023
2223000358754700,09,2026,448
4111116457625814,12,2032,560
4242425625464127,08,2029,199
4012885489730012,11,2033,487
4111114794041423,05,2032,046
2223003014278411,12,2030,121
5301258746814226,09,2028,223
340000477142870,02,2030,3068
5105103718973253,11,2029,729
370000858460498,07,2031,3737
5105103725901560,09,2030,201
2223003311028477,06,2030,675
4000004915800852,07,2028,569
340000634033020,10,2027,8252
4000006583322572,05,2033,177
4242429562556630,12,2029,244
2223004140248716,06,2033,881
5301257163337299,12,2028,677
5105107055376053,07,2027,472
4012880370523592,09,2029,509
2223009851966232,05,2029,611
4242425527487309,05,2026,129
4111113597883668,08,2026,612
4111111307669401,08,2029,177
4242429529590300,10,2027,351
5301257930307484,07,2026,206
340000570219039,01,2028,8152
2223007248188288,08,2031,913
370000939860104,10,2028,0776
5301255092178909,02,2028,724
4242429222747207,03,2032,463
370000881884938,10,2026,0684
4012883583139065,11,2033,784
4012881687829953,07,2031,667
370000751167257,06,2028,3652
4000005215366346,06,2029,105
2223006402174159,12,2030,750
4242423949082998,11,2032,863
4000001174664755,02,2030,360
4012883321057058,11,2027,952
370000010192740,08,2032,7698
4000009071182532,03,2029,187
4012883576425265,09,2029,847
4000008442041724,02,2031,532
4012888183065552,04,2028,677
5301259959617215,06,2026,858
5105101319864145,06,2026,005
4012884487277118,07,2028,860
5105108707456772,08,2027,774
370000993960535,07,2032,4099
370000131660807,05,2032,0338
4000005801126765,09,2030,406
2223006065972352,05,2031,088
4012881312473169,10,2033,374
5105100430852229,03,2028,028
4111114233315263,04,2027,674
340000094156667,09,2033,8817
5301251033164579,12,2026,986
5301259408472022,10,2031,594
4000002764080113,09,2029,864
4242420814814547,09,2031,819
4242425930618136,04,2027,264
370000603251853,06,2028,7260
4111118356762409,07,2026,759
4000008044405004,04,2032,772
5301253401621800,01,2032,514
2223001749684945,06,2028,233
370000421023260,02,2032,9102
4242425868586941,10,2030,981
4000004966174116,06,2031,406
2223005760883047,04,2026,429
4000002723903728,04,2032,131
5105107622197057,01,2029,515
4111114897286271,02,2027,102
340000258981652,02,2031,4830
5301254781501166,01,2033,810
4012885474262351,05,2029,807
4000009592129756,03,2032,877
4111115340294929,03,2033,281
4012885563229378,04,2031,337
5200822478323730,01,2031,439
5200821174951901,01,2031,421
4242422078347040,09,2030,913
4242421835704808,08,2033,734
370000868118276,06,2030,0198
340000199485995,06,2026,1098
370000195303195,02,2028,7767
4242426632385990,06,2031,632
5105109967532492,02,2032,535
5200829364275890,01,2033,061
4000002462000017,07,2030,265
4111118134334950,03,2026,281
370000424210096,01,2029,8803
4012885133620056,02,2030,874
4242427260777821,12,2033,419
4000008470200614,12,2029,653
4242420880197462,10,2027,645
2223009866189325,12,2026,638
5200824840584031,05,2027,532
4111118445517517,07,2030,826
4111115565605411,09,2026,389
4111117425060704,12,2028,940
4242420908044225,08,2031,808
2223005136165822,06,2027,752
4000003203597642,06,2029,544
5200823979739127,02,2030,856
370000892186513,04,2031,7510
340000882406621,12,2026,7714
4111111420986674,10,2030,284
2223005058299955,10,2030,739
4012883569404145,12,2030,773
5301250669134294,01,2032,538
5105106594587170,09,2026,523
4000003474669526,12,2032,455
4012880596326010,06,2028,982
340000781256366,11,2027,1815
4012886077809580,08,2026,343
5301254258834884,07,2033,812
4000009425907253,04,2031,301
4111117211264965,09,2032,580
4000001489915314,12,2029,680
4242425862048054,05,2030,023
4111112455513623,11,2031,101
5301252213196746,11,2032,574
2223002458947689,11,2031,792
5200822563392020,05,2031,499
370000454780224,04,2028,2046
5105104234833245,10,2033,882
4111116908062179,11,2030,517
5301259588244589,06,2032,917
370000008413306,01,2032,1978
5301255904638645,03,2030,464
4111115775300886,10,2030,362
4000002976306272,05,2032,095
4242425408653870,12,2028,499
2223001663823586,06,2033,135
5200829540260469,06,2032,036
5301253678313214,11,2029,637
2223009019477130,04,2028,253
4012881496636516,04,2028,609
5105102930809196,03,2033,265
5200822663878886,07,2029,899
4012883039497257,01,2027,510
370000260351608,10,2029,3886
4000009704799249,06,2029,046
5200826510402667,12,2026,907
5200821740930736,09,2031,016
5301253603635061,10,2026,835
4000003387299072,06,2029,376
370000669704431,05,2033,4210
4242423208257869,09,2031,731
4111115791332152,02,2032,373
5200823530052168,04,2028,818
4242426808806589,01,2031,469
340000580905528,01,2028,8313
5105104481704305,11,2026,308
2223000559096935,11,2028,337
5301258728091991,04,2028,078
340000581054250,12,2033,8671
2223006786893242,06,2026,647
4242422010747000,11,2030,201
5301258240567007,11,2031,192
4000008168674138,12,2032,825
4012887388690024,06,2030,887
5200829643321366,11,2032,234
5301255288046423,02,2031,951
4242421824671489,08,2031,144
4242420852035781,06,2027,363
4111111683289881,01,2029,961
4000006454882118,06,2030,625
4242420149636789,01,2030,121
5200824650333792,03,2033,693
340000229066492,11,2027,2146
5301252983517923,06,2028,690
2223009191925948,02,2031,895
4000008634466382,11,2030,304
5200822999451119,02,2026,259
4000006747833878,06,2028,745
2223002204242948,08,2030,967
4000002966975342,03,2028,413
5301253962143947,01,2033,075
5301256284028852,09,2029,267
340000449675437,01,2031,4376
4111118805239546,12,2028,628
340000563465391,08,2030,5410
4012889955333673,05,2029,720
370000137787703,08,2033,8589
5200822272400890,02,2028,258
5105104978330796,03,2029,784
4012882774582687,12,2032,509
2223007864236932,02,2030,444
5301257025892267,12,2032,412
4111116806660330,03,2029,413
5301252774738548,03,2032,658
5301252628088199,09,2030,004
5105103870333122,05,2030,187
370000082488075,02,2027,3949
5200823064505367,01,2030,142
340000860498517,01,2030,5205
5105101819198390,08,2027,733
370000053732998,06,2030,8988
4000000209416686,07,2028,746
5200829442108741,03,2028,888
340000051921038,11,2029,6074
370000772002624,02,2031,1051
4000008683244300,10,2026,107
4000003390917306,12,2028,873
5200823801002553,10,2028,781
4012886500967971,01,2031,143
5200826465744568,11,2033,857
4242429540706190,06,2027,298
370000062414810,03,2026,8644
4242424950844938,07,2032,943
340000409565701,01,2027,6782
340000938911715,01,2031,2243
2223008255244972,03,2027,957
5200826577087229,06,2026,385
5105108604435424,11,2031,837
5105104070825735,03,2028,917
4012884177205957,04,2032,732
370000679646200,09,2030,0258
4000001393170436,04,2027,708
5200821704193446,05,2032,327
5105107101214654,07,2031,949
4012883336910226,11,2027,705
4012880903169848,10,2032,725
370000112152386,08,2031,7823
4000005034605668,05,2032,655
4111114000016185,12,2029,341
4000003215144888,02,2032,036
4242428234563420,07,2028,047
4000003883368785,06,2027,266
4012882719293689,05,2033,054
4000008605286561,12,2031,819
4012888599369036,10,2031,473
4111117276488202,07,2027,695
5105103480165971,03,2026,927
4000004404049128,10,2031,864
2223000580689500,01,2030,144
2223003485279195,02,2031,573
5200828885651373,02,2030,493
4000008828515564,12,2029,828
5105103893803242,09,2027,590
4242423509714196,01,2032,932
340000206267949,07,2032,6919
5301251869129837,12,2031,667
4000005225114801,03,2029,830
4000006386085913,06,2032,577
340000862935847,04,2033,7939
370000597698408,07,2032,6349
340000204880503,05,2026,9153
2223003977885194,02,2028,746
370000832377669,05,2031,5821
4000005652968539,01,2031,586
4000002870388178,10,2031,891
4111117747383859,04,2027,690
4000007197870998,10,2032,120
5105101199909606,09,2033,550
4000009717823259,04,2029,779
4000006467615927,11,2031,564
2223009481414231,04,2032,531
5200823383008986,02,2033,628
4242422715316473,08,2028,256
4242426074625903,02,2033,435
5200824880304282,02,2033,711
4000002027252319,09,2030,203
2223001510998870,09,2026,667
5301252289907539,01,2030,943
4000009881875283,01,2032,090
370000824916862,08,2029,9455
5200826918392395,02,2029,539
4000007489341930,01,2028,477
4242427084046700,06,2026,804
370000630541581,02,2028,0031
5105101506511822,12,2031,678
5105108031050804,08,2026,549
340000444597198,03,2031,5759
4242427528168011,09,2028,237
5200821995020365,02,2026,454
4242420480916519,04,2028,081
340000633635403,03,2026,9067
340000157795344,12,2027,8335
4000000615596691,03,2027,451
370000585043575,10,2030,6177
4111110433439440,10,2032,060
5301256199769079,12,2032,438
4111110052921488,04,2028,347
2223001390908460,10,2027,221
370000693956908,05,2026,8360
2223006158506646,10,2026,730
4111115199630942,06,2029,492
5105108734757747,04,2026,608
2223008486266430,06,2031,461
4000002698175534,09,2026,158
4242423663674533,11,2029,223
4111110002771926,05,2032,100
370000620967895,12,2028,7701
4242420982373011,04,2026,675
4012881988146818,09,2031,300
4012888405397833,06,2027,021
4111114925134949,04,2028,649
5105107895803852,07,2031,983
4000004602042958,03,2028,974
5301256941994702,06,2029,818
370000100183641,02,2033,0137
340000192881950,05,2030,7548
2223005910839675,10,2028,941
4000002204473399,01,2027,864
5200821084613948,04,2032,976
4242427782984905,10,2027,194
5301251655838716,10,2033,032
5105108909484994,09,2026,437
4242428568929833,06,2030,498
5200821636232650,11,2029,626
4000009876630289,05,2028,220
4111113918073452,04,2029,578
5200823478793732,07,2030,128
5105107138113721,11,2028,485
340000115925819,03,2030,2531
340000426582390,12,2032,2992
2223007951571845,07,2029,583
4242428589206419,11,2028,180
4111113868725838,06,2027,535
4000009734029559,11,2027,884
2223001871362609,02,2031,645
4111118267947172,11,2029,031
370000460261276,07,2029,2480
340000903213931,10,2027,8947
5105105217600303,08,2033,985
2223008506096304,12,2032,320
2223004820000478,03,2030,039
2223000753771028,09,2027,363
4111118713158069,08,2033,030
5200829927149400,11,2030,957
5105102211382145,02,2031,532
5105106314182153,11,2030,271
5105109917175681,11,2031,382
5200826904647661,11,2026,537
5200822530967490,09,2029,815
370000693520563,12,2026,3399
370000999321989,01,2033,0226
370000929218701,06,2028,2281
4000002247305558,10,2030,458
370000159129974,01,2028,6337
2223009393817398,01,2028,679
4000004688486616,05,2026,752
340000836292010,09,2030,9682
5200820207229368,10,2029,512
340000498386787,08,2029,0419
340000383899688,09,2027,1880
4242422302427626,02,2029,435
5301252955873130,11,2032,739
5200828303908652,04,2029,509
2223003725884010,04,2032,009
370000786291726,08,2027,2051
5301259958991074,05,2031,597
340000952012366,10,2028,4751
370000517878858,11,2027,9260
340000078781274,01,2026,4875
2223000112616294,03,2027,767
4111114932339085,09,2033,328
370000447089808,08,2029,8712
340000149861493,12,2031,3382
370000370782940,05,2029,5904
370000232073157,05,2032,9770
5301250016775252,12,2031,479
370000288685094,07,2028,5565
4012881315506924,09,2028,277
5105104401691202,10,2026,716
4111113541647037,10,2030,316
4012886559021407,09,2031,886
5200828687717901,02,2032,766
4000002978366431,07,2026,958
4000008757171462,12,2027,621
2223004959721878,03,2029,115
340000591595144,06,2032,1208
5301257707596327,09,2027,434
5200823686674807,10,2028,924
5301252137092534,04,2032,338
370000958752422,05,2033,6483
340000462990127,11,2032,7926
4000003792891505,10,2031,869
5105102332447173,08,2033,324
4242426639883948,01,2028,136
